INFO:root:0.04,1.04,3,2160,1713930
INFO:root:0.04,1.03,3,1920,1665384.04
INFO:root:0.04,1.04,3,2280,1663303.48
INFO:root:0.05,1.04,3,2280,1656985.21
INFO:root:0.05,1.04,3,2160,1653910.53
INFO:root:0.05,1.04,3,1920,1653410.52
INFO:root:0.04,1.02,3,2160,1635763.16
INFO:root:0.05,1.04,3,2400,1635358.1
INFO:root:0.04,1.04,3,1920,1632424.8
INFO:root:0.05,1.03,3,1920,1611039.44
INFO:root:0.04,1.03,3,2160,1609448.13
INFO:root:0.03,1.04,3,1920,1576032.94
INFO:root:0.04,1.04,3,2040,1571591.49
INFO:root:0.04,1.04,3,2400,1570902.52
INFO:root:0.04,1.04,3,2640,1569427.95
INFO:root:0.04,1.02,3,2280,1568738.06
INFO:root:0.04,1.03,3,2280,1566936.11
INFO:root:0.03,1.03,3,1920,1565426.45
INFO:root:0.03,1.03,3,1680,1558832.05
INFO:root:0.03,1.04,3,1680,1552956.06
INFO:root:0.05,1.03,3,1440,1551964.79
INFO:root:0.04,1.03,3,2040,1548829.84
INFO:root:0.05,1.03,3,2160,1545820.58
INFO:root:0.05,1.04,3,1680,1537894.46
INFO:root:0.05,1.03,3,2280,1533088.38
INFO:root:0.03,1.03,3,1800,1519594.71
INFO:root:0.03,1.03,3,2160,1519548.71
INFO:root:0.05,1.04,3,1440,1519271.23
INFO:root:0.05,1.04,3,2640,1518892.94
INFO:root:0.05,1.04,3,2040,1514097.29
INFO:root:0.03,1.04,3,1800,1512134.98
INFO:root:0.04,1.02,3,1920,1512047.8
INFO:root:0.04,1.03,3,1680,1511622.18
INFO:root:0.03,1.04,3,2160,1511434.12
INFO:root:0.04,1.03,3,1800,1507087.44
INFO:root:0.04,1.02,3,2400,1497655.63
INFO:root:0.05,1.04,3,2520,1497452.46
INFO:root:0.03,1.03,3,2280,1497366.9
INFO:root:0.04,1.04,3,1680,1496619.92
INFO:root:0.05,1.02,3,2160,1496376.01
INFO:root:0.04,1.03,3,2400,1494002.09
INFO:root:0.04,1.03,3,2640,1491888.83
INFO:root:0.05,1.03,3,1800,1491607.56
INFO:root:0.03,1.04,3,2280,1487995.84
INFO:root:0.04,1.02,3,2040,1487792.11
INFO:root:0.05,1.04,3,1800,1485247.93
INFO:root:0.04,1.04,3,1800,1484381.08
INFO:root:0.04,1.01,3,1920,1484293.82
INFO:root:0.05,1.03,3,2760,1479732.33
INFO:root:0.05,1.04,6,2520,1473847.84
INFO:root:0.04,1.03,3,2760,1470172.47
INFO:root:0.05,1.03,3,2640,1469291.33
INFO:root:0.05,1.04,6,2640,1464774.54
INFO:root:0.04,1.01,3,2280,1463804.31
INFO:root:0.05,1.02,3,1440,1463747.48
INFO:root:0.05,1.04,7,1800,1462307.22
INFO:root:0.05,1.04,7,2040,1461549.13
INFO:root:0.05,1.03,3,1560,1460777.69
INFO:root:0.05,1.04,6,2760,1458775.84
INFO:root:0.03,1.02,3,2160,1458093.13
INFO:root:0.05,1.03,3,1680,1455708.3
INFO:root:0.03,1.02,3,1920,1454204.39
INFO:root:0.05,1.03,3,2040,1453125.84
INFO:root:0.05,1.04,7,1920,1452505.7
INFO:root:0.04,1.04,3,2520,1452106.54
INFO:root:0.05,1.04,6,2400,1445871.11
INFO:root:0.04,1.01,3,2400,1444454.71
INFO:root:0.04,1.03,3,2520,1444298.3
INFO:root:0.04,1.01,3,1800,1444296.06
INFO:root:0.05,1.01,4,1680,1443474.69
INFO:root:0.05,1.01,4,1560,1439777.41
INFO:root:0.05,1.04,7,2400,1438233.85
INFO:root:0.04,1.04,3,2760,1437794.4
INFO:root:0.05,1.01,3,1920,1437683.34
INFO:root:0.05,1.04,7,1560,1436837.28
INFO:root:0.04,1.01,3,2040,1435864.41
INFO:root:0.05,1.03,3,2400,1435206.01
INFO:root:0.03,1.03,3,2640,1434360.82
INFO:root:0.05,1.01,3,2280,1433280.16
INFO:root:0.05,1.04,7,2520,1421676.45
INFO:root:0.03,1.01,3,1920,1421665.71
INFO:root:0.05,1.02,3,2280,1421081.87
INFO:root:0.03,1.03,3,2760,1420873.64
INFO:root:0.03,1.04,3,2400,1420516.16
INFO:root:0.03,1.04,3,2640,1419247.08
INFO:root:0.05,1.04,7,2160,1419081.74
INFO:root:0.05,1.04,6,1920,1414355.4
INFO:root:0.05,1.04,3,1560,1413646.75
INFO:root:0.05,1.04,6,2880,1412007.09
INFO:root:0.05,1.04,7,2280,1409536.98
INFO:root:0.05,1.03,3,2520,1408901.31
INFO:root:0.03,1.04,3,2760,1406608.69
INFO:root:0.05,1.01,3,2400,1402798.68
INFO:root:0.04,1.02,3,2640,1402651.48
INFO:root:0.05,1.02,3,2400,1400642.35
INFO:root:0.05,1.04,3,2760,1400466.43
INFO:root:0.03,1.03,3,2400,1399232.06
INFO:root:0.03,1.02,3,2280,1398160.05
INFO:root:0.05,1.01,3,2040,1398141.59
INFO:root:0.05,1.04,6,2040,1396265.64
INFO:root:0.05,1.04,7,1440,1395934.96
INFO:root:0.05,1.02,5,2880,1395049.55
INFO:root:0.03,1.04,3,2040,1392920.91
INFO:root:0.04,1.02,3,2520,1392423.07
INFO:root:0.04,1.01,4,1560,1391973.05
INFO:root:0.05,1.03,5,2880,1390299.61
INFO:root:0.05,1.01,4,1440,1389907.03
INFO:root:0.04,1.01,3,1680,1389633.95
INFO:root:0.05,1.04,7,1680,1389021.8
INFO:root:0.05,1.04,6,2160,1387717.9
INFO:root:0.05,1.01,3,1800,1386770.09
INFO:root:0.05,1.04,7,2760,1382759.54
INFO:root:0.03,1.03,3,2040,1382741.28
INFO:root:0.04,1.04,3,1440,1378081.83
INFO:root:0.04,1.01,4,1680,1377044.67
INFO:root:0.04,1.01,3,2520,1375902.17
INFO:root:0.05,1.04,6,1440,1374415.88
INFO:root:0.05,1.02,3,1920,1373641.7
INFO:root:0.03,1.02,3,1800,1370777.57
INFO:root:0.05,1.04,7,2640,1369685.54
INFO:root:0.05,1.04,6,2280,1369676.57
INFO:root:0.05,1.04,5,2880,1369337
INFO:root:0.04,1.03,3,1440,1367215.6
INFO:root:0.05,1.04,6,1800,1366848.93
INFO:root:0.03,1.02,3,1680,1366817.84
INFO:root:0.05,1.04,7,2880,1364395.21
INFO:root:0.04,1.01,3,2160,1361065.55
INFO:root:0.05,1.02,3,2640,1360514.61
INFO:root:0.04,1.04,4,2400,1360200.68
INFO:root:0.03,1.04,3,1560,1360014.68
INFO:root:0.04,1.02,3,1800,1356152.06
INFO:root:0.04,1.02,3,1440,1354222.11
INFO:root:0.03,1.01,3,1800,1353657.01
INFO:root:0.05,1.02,3,2040,1353257.16
INFO:root:0.03,1.01,3,2280,1352390.2
INFO:root:0.04,1.04,4,2520,1351858.91
INFO:root:0.03,1.03,3,1560,1350870.44
INFO:root:0.03,1.04,3,1440,1349626.39
INFO:root:0.05,1.02,3,1680,1349299.43
INFO:root:0.03,1.02,3,2040,1349035.54
INFO:root:0.05,1.02,3,2520,1347180.35
INFO:root:0.03,1.01,3,2040,1345891.67
INFO:root:0.05,1.03,5,2760,1345204.62
INFO:root:0.04,1.03,4,2400,1344579.82
INFO:root:0.05,1.01,5,2880,1343823
INFO:root:0.05,1.01,5,2640,1343775.12
INFO:root:0.04,1.02,4,1560,1343513.38
INFO:root:0.05,1.01,4,2400,1342871.88
INFO:root:0.03,1.03,3,2520,1342838.46
INFO:root:0.04,1.02,3,1680,1342228.62
INFO:root:0.05,1.03,5,2640,1341648.49
INFO:root:0.05,1.03,6,2400,1340457.18
INFO:root:0.05,1.03,3,2880,1339942.58
INFO:root:0.05,1.02,5,2760,1339538.29
INFO:root:0.05,1.02,5,2640,1338037.34
INFO:root:0.05,1.01,3,2520,1337426.18
INFO:root:0.05,1.01,5,2760,1336745.76
INFO:root:0.04,1.01,4,1440,1336583.3
INFO:root:0.03,1.03,3,1440,1336565.38
INFO:root:0.03,1.04,3,2520,1336563.06
INFO:root:0.05,1.04,5,2760,1335237.18
INFO:root:0.04,1.01,3,2760,1333944.29
INFO:root:0.03,1.02,3,2520,1332891.87
INFO:root:0.03,1.02,3,2640,1332847.07
INFO:root:0.05,1.01,4,2040,1332682.4
INFO:root:0.05,1.04,5,2640,1330578.39
INFO:root:0.03,1.02,3,2400,1330156.64
INFO:root:0.05,1.02,6,2640,1325942.26
INFO:root:0.05,1.01,3,2160,1325408.72
INFO:root:0.05,1.02,4,1440,1324909.63
INFO:root:0.04,1.04,3,2880,1324793.76
INFO:root:0.04,1.01,3,2640,1324250.01
INFO:root:0.05,1.01,3,1680,1322924.69
INFO:root:0.04,1.03,3,2880,1322601.98
INFO:root:0.05,1.01,5,2520,1320879.77
INFO:root:0.02,1.04,3,1920,1320543.04
INFO:root:0.05,1.02,3,1560,1319368.53
INFO:root:0.04,1.03,4,2520,1319161.51
INFO:root:0.05,1.02,6,2520,1317998.48
INFO:root:0.05,1.04,6,1680,1317806.11
INFO:root:0.03,1.01,3,1680,1316518.86
INFO:root:0.04,1.02,5,2880,1315671.52
INFO:root:0.05,1.02,6,2760,1309544.26
INFO:root:0.02,1.04,3,2160,1309120.35
INFO:root:0.02,1.04,3,1800,1307703.62
INFO:root:0.05,1.03,6,2040,1307361.34
INFO:root:0.04,1.02,4,1440,1304366.75
INFO:root:0.05,1.02,7,2400,1303797.48
INFO:root:0.05,1.01,7,1560,1302888.37
INFO:root:0.05,1.01,5,1800,1301862.53
INFO:root:0.04,1.03,4,2280,1300158.74
INFO:root:0.05,1.01,3,2760,1299882.95
INFO:root:0.05,1.03,6,2160,1299405.72
INFO:root:0.04,1.04,5,2880,1298704.06
INFO:root:0.05,1.04,4,1440,1298068.94
INFO:root:0.03,1.01,3,2400,1297476.76
INFO:root:0.05,1.04,6,1560,1295684.75
INFO:root:0.04,1.03,5,2880,1294912.2
INFO:root:0.05,1.03,6,2640,1293500.36
INFO:root:0.02,1.04,3,2400,1292853.58
INFO:root:0.04,1.04,4,2280,1292218.97
INFO:root:0.05,1.01,3,2640,1291651.11
INFO:root:0.05,1.03,4,2400,1291079.42
INFO:root:0.05,1.01,4,2160,1290174.44
INFO:root:0.05,1.02,6,2400,1290133.66
INFO:root:0.04,1.04,4,2040,1289501.83
INFO:root:0.05,1.01,5,1440,1289390.26
INFO:root:0.05,1.04,5,2160,1288299.79
INFO:root:0.02,1.03,3,2160,1287495.09
INFO:root:0.05,1.03,4,2520,1287337.9
INFO:root:0.04,1.04,6,2520,1287218.12
INFO:root:0.05,1.02,6,2880,1287087.54
INFO:root:0.04,1.03,6,2640,1286861.3
INFO:root:0.05,1.03,6,2760,1285685.75
INFO:root:0.04,1.02,3,1560,1284641.29
INFO:root:0.05,1.01,4,2280,1284283.33
INFO:root:0.05,1.03,6,2280,1284213.42
INFO:root:0.05,1.02,7,2040,1282975.27
INFO:root:0.02,1.03,3,1800,1282560.93
INFO:root:0.05,1.02,5,2520,1281962.06
INFO:root:0.05,1.03,7,2040,1281546.19
INFO:root:0.02,1.02,3,2160,1281541.48
INFO:root:0.02,1.03,3,1920,1280751.54
INFO:root:0.04,1.03,6,2760,1279530.6
INFO:root:0.05,1.01,4,2640,1279193.36
INFO:root:0.04,1.04,6,2640,1278499.04
INFO:root:0.03,1.01,3,2160,1278378.13
INFO:root:0.05,1.03,6,2520,1277561.56
INFO:root:0.04,1.01,3,2880,1277187.29
INFO:root:0.04,1.02,3,2760,1276792.22
INFO:root:0.05,1.02,5,1800,1275350.72
INFO:root:0.04,1.03,3,1560,1275248.73
INFO:root:0.03,1.02,4,1560,1274872.08
INFO:root:0.04,1.01,4,2040,1274459.15
INFO:root:0.05,1.03,7,2520,1273313.22
INFO:root:0.04,1.04,6,2760,1273263.19
INFO:root:0.03,1.02,3,1440,1273245.53
INFO:root:0.03,1.03,3,2880,1273139.12
INFO:root:0.05,1.03,7,2400,1273064.06
INFO:root:0.05,1.01,4,2760,1273035.39
INFO:root:0.05,1.02,4,1560,1272823.93
INFO:root:0.05,1.02,7,1800,1272653.11
INFO:root:0.05,1.03,5,2520,1271459.68
INFO:root:0.03,1.04,6,2520,1271364.94
INFO:root:0.04,1.03,6,2520,1270908.08
INFO:root:0.03,1.01,4,1560,1270888.82
INFO:root:0.05,1.02,7,1920,1269820.89
INFO:root:0.05,1.01,6,2040,1269461.46
INFO:root:0.02,1.04,3,1680,1269134.49
INFO:root:0.03,1.04,4,2520,1268472.92
INFO:root:0.05,1.04,3,2880,1268066.63
INFO:root:0.02,1.04,3,2280,1267795.39
INFO:root:0.03,1.02,4,1440,1267779.79
INFO:root:0.05,1.04,5,2040,1267573.25
INFO:root:0.02,1.01,3,1920,1267545.11
INFO:root:0.03,1.01,4,1680,1267377.92
INFO:root:0.04,1.02,6,2640,1267086.58
INFO:root:0.03,1.04,3,2880,1266506.58
INFO:root:0.04,1.02,4,2280,1266318.58
INFO:root:0.02,1.03,3,1680,1265922.8
INFO:root:0.04,1.01,4,2400,1265577.9
INFO:root:0.05,1.03,5,1800,1265213.2
INFO:root:0.05,1.02,7,1560,1265133.27
INFO:root:0.03,1.03,6,2640,1265049.64
INFO:root:0.03,1.04,6,2640,1265049.64
INFO:root:0.03,1.04,4,1440,1264950.78
INFO:root:0.03,1.01,3,2520,1264740.36
INFO:root:0.02,1.03,3,2400,1264593.63
INFO:root:0.05,1.02,6,2040,1264351.46
INFO:root:0.04,1.03,4,2040,1264204.2
INFO:root:0.04,1.02,5,2640,1263692.23
INFO:root:0.05,1.04,4,2400,1263344
INFO:root:0.05,1.01,6,2160,1263184.02
INFO:root:0.03,1.03,5,2880,1263126.23
INFO:root:0.03,1.04,5,2880,1263126.23
INFO:root:0.02,1.02,3,1920,1262897.05
INFO:root:0.05,1.02,5,2400,1262774.59
INFO:root:0.05,1.02,6,1440,1262348.82
INFO:root:0.05,1.02,5,2160,1262220.57
INFO:root:0.04,1.03,7,2040,1262053.4
INFO:root:0.04,1.04,7,2040,1262053.4
INFO:root:0.04,1.02,6,2760,1261442.35
INFO:root:0.05,1.02,7,2160,1260984.24
INFO:root:0.04,1.02,6,2520,1259776.71
INFO:root:0.03,1.03,6,2760,1259534.9
INFO:root:0.03,1.04,6,2760,1259534.9
INFO:root:0.04,1.02,5,2760,1259154.33
INFO:root:0.04,1.04,4,1440,1258809.11
INFO:root:0.03,1.04,5,1800,1258582.75
INFO:root:0.03,1.01,4,1440,1258455.45
INFO:root:0.03,1.02,3,1560,1258299.04
INFO:root:0.05,1.03,6,2880,1258282.51
INFO:root:0.04,1.03,6,2400,1257978.35
INFO:root:0.02,1.03,3,2280,1257503.93
INFO:root:0.05,1.02,6,2160,1256466.72
INFO:root:0.05,1.02,7,2520,1255384.84
INFO:root:0.05,1.03,7,1800,1255041.6
INFO:root:0.05,1.04,4,2520,1254321.63
INFO:root:0.05,1.01,5,1560,1253689.66
INFO:root:0.04,1.03,5,2640,1252877.43
INFO:root:0.05,1.03,7,2160,1252191.39
INFO:root:0.05,1.04,5,2520,1252179
INFO:root:0.04,1.03,4,1440,1252168.72
INFO:root:0.05,1.02,7,2280,1250986.06
INFO:root:0.04,1.04,3,1560,1250466.17
INFO:root:0.05,1.02,5,2280,1250437.8
INFO:root:0.04,1.03,6,2880,1250075.99
INFO:root:0.03,1.02,5,2880,1249640.49
INFO:root:0.05,1.03,5,2160,1249490.16
INFO:root:0.04,1.03,5,2760,1249335.57
INFO:root:0.02,1.02,3,2280,1249233.25
INFO:root:0.04,1.02,4,2160,1249166.92
INFO:root:0.04,1.04,6,2400,1248702.26
INFO:root:0.05,1.01,7,1680,1248463.18
INFO:root:0.03,1.03,6,2520,1248269.27
INFO:root:0.05,1.01,6,1920,1248135.2
INFO:root:0.03,1.03,6,2400,1247796.97
INFO:root:0.05,1.03,6,1920,1246714.32
INFO:root:0.03,1.02,5,1800,1246475.12
INFO:root:0.04,1.02,7,2040,1246106.31
INFO:root:0.03,1.04,6,2400,1245788.51
INFO:root:0.04,1.02,7,2400,1245359.74
INFO:root:0.05,1.03,7,1920,1245132.84
INFO:root:0.05,1.02,6,2280,1245065.43
INFO:root:0.03,1.04,4,2400,1244387.38
INFO:root:0.05,1.03,7,1560,1244071.6
INFO:root:0.04,1.01,7,1560,1243382.58
INFO:root:0.05,1.01,3,2880,1243273.34
INFO:root:0.02,1.01,3,1680,1242553.71
INFO:root:0.04,1.04,5,2760,1242434.08
INFO:root:0.04,1.04,6,2880,1242334.4
INFO:root:0.04,1.01,4,2280,1241768.39
INFO:root:0.05,1.02,7,1440,1240819.6
INFO:root:0.03,1.04,4,1560,1240743.35
INFO:root:0.04,1.02,4,2520,1240663.54
INFO:root:0.03,1.03,5,1800,1240254.3
INFO:root:0.03,1.03,5,2160,1239990.61
INFO:root:0.03,1.04,5,2160,1239990.61
INFO:root:0.04,1.02,5,1800,1239580.93
INFO:root:0.05,1.02,5,2040,1239196.44
INFO:root:0.03,1.03,4,2520,1238173.96
INFO:root:0.04,1.04,7,2520,1237989.1
INFO:root:0.02,1.02,3,1800,1237207.54
INFO:root:0.03,1.03,4,2640,1236671.35
INFO:root:0.04,1.03,7,2400,1236408.65
INFO:root:0.04,1.02,7,1800,1236279.32
INFO:root:0.04,1.04,7,2400,1235825.68
INFO:root:0.03,1.03,4,2400,1235774.76
INFO:root:0.05,1.01,5,1680,1235613.3
INFO:root:0.04,1.01,4,2640,1235590.68
INFO:root:0.05,1.03,7,2760,1235464.54
INFO:root:0.02,1.02,3,1680,1235254.58
INFO:root:0.04,1.02,4,1680,1235184.03
INFO:root:0.05,1.01,4,2520,1235071.69
INFO:root:0.04,1.02,6,2400,1234525.66
INFO:root:0.04,1.03,7,1800,1234258.12
INFO:root:0.05,1.03,6,1440,1234243.22
INFO:root:0.04,1.02,4,2040,1233846.92
INFO:root:0.04,1.03,6,2040,1233787.42
INFO:root:0.04,1.04,5,2640,1233614.29
INFO:root:0.05,1.03,4,2280,1232964.47
INFO:root:0.03,1.03,6,2040,1232720.78
INFO:root:0.05,1.03,4,1440,1232349.16
INFO:root:0.05,1.02,5,1920,1231867.35
INFO:root:0.04,1.03,7,1560,1230977.03
INFO:root:0.03,1.03,6,2880,1230599.3
INFO:root:0.03,1.04,6,2880,1230599.3
INFO:root:0.03,1.02,4,2040,1230598.95
INFO:root:0.05,1.02,7,1680,1230580.01
INFO:root:0.03,1.03,4,2040,1230546.2
INFO:root:0.04,1.03,7,2160,1230172.66
INFO:root:0.05,1.02,3,2760,1229855.59
INFO:root:0.04,1.02,6,2880,1229590.65
INFO:root:0.04,1.02,4,2400,1229234.25
INFO:root:0.04,1.02,7,1560,1228932.62
INFO:root:0.02,1.01,6,2040,1228530.19
INFO:root:0.03,1.02,6,2760,1228283.98
INFO:root:0.04,1.04,7,2160,1227847.14
INFO:root:0.05,1.03,7,2640,1227760.83
INFO:root:0.04,1.03,5,2160,1227520.76
INFO:root:0.04,1.02,7,1440,1226964.26
INFO:root:0.03,1.02,6,2640,1226912.94
INFO:root:0.04,1.03,4,1560,1226732.88
INFO:root:0.04,1.03,7,1920,1226559.69
INFO:root:0.03,1.04,6,2040,1226425.9
INFO:root:0.05,1.01,4,2880,1226074.65
INFO:root:0.03,1.03,6,2160,1225449.35
INFO:root:0.04,1.02,7,1920,1225240.84
INFO:root:0.05,1.02,6,1920,1225162.13
INFO:root:0.02,1.01,3,1800,1225146.32
INFO:root:0.04,1.03,6,2160,1224682.6
INFO:root:0.05,1.02,4,2520,1224469.78
INFO:root:0.05,1.03,5,2040,1224104.37
INFO:root:0.04,1.03,7,1440,1224008.81
INFO:root:0.04,1.02,5,2160,1223577.69
INFO:root:0.04,1.04,7,1800,1222787.57
INFO:root:0.03,1.04,4,2640,1222686.31
INFO:root:0.02,1.01,6,2160,1222622.61
INFO:root:0.04,1.01,5,2640,1222245.68
INFO:root:0.04,1.04,6,2040,1222165.44
INFO:root:0.03,1.02,3,2760,1222154.83
INFO:root:0.05,1.01,4,1800,1221995.83
INFO:root:0.04,1.04,7,2280,1221803.23
INFO:root:0.03,1.04,4,2040,1221756.17
INFO:root:0.04,1.02,7,2160,1221599.95
INFO:root:0.05,1.03,7,2280,1221504.91
INFO:root:0.05,1.03,5,2280,1221267.93
INFO:root:0.03,1.04,5,2760,1220788.41
INFO:root:0.03,1.03,5,2760,1220441.17
INFO:root:0.04,1.01,4,2160,1220263.96
INFO:root:0.03,1.04,6,2160,1220050.92
INFO:root:0.04,1.02,4,2640,1220025.58
INFO:root:0.05,1.02,3,1800,1219786.06
INFO:root:0.05,1.03,7,2880,1219435.48
INFO:root:0.05,1.04,4,1560,1219388.99
INFO:root:0.04,1.01,5,2880,1219294.09
INFO:root:0.05,1.02,4,2280,1219169.97
INFO:root:0.03,1.02,6,2520,1219116.84
INFO:root:0.04,1.04,7,1560,1219018.83
INFO:root:0.03,1.02,4,2280,1218426.12
INFO:root:0.04,1.03,4,2640,1218176.99
INFO:root:0.04,1.02,6,2040,1217211.63
INFO:root:0.05,1.01,6,1680,1216949.58
INFO:root:0.03,1.01,3,2640,1216403.21
INFO:root:0.05,1.03,5,2400,1216389.8
INFO:root:0.05,1.03,7,1440,1216208.51
INFO:root:0.04,1.04,7,1920,1216036.81
INFO:root:0.05,1.04,5,2280,1215028.09
INFO:root:0.05,1.04,4,2280,1214397.93
INFO:root:0.04,1.01,6,2040,1214267.49
INFO:root:0.03,1.03,7,2040,1214180.98
INFO:root:0.03,1.04,7,2040,1214180.98
INFO:root:0.03,1.02,4,2160,1213835
INFO:root:0.02,1.01,6,1920,1213697.52
INFO:root:0.04,1.04,4,1560,1213497.7
INFO:root:0.05,1.02,7,2640,1213293.52
INFO:root:0.05,1.02,7,2760,1213104.02
INFO:root:0.03,1.03,6,1440,1213026.94
INFO:root:0.04,1.01,5,2760,1212999.95
INFO:root:0.04,1.04,6,2160,1212843.91
INFO:root:0.04,1.02,5,2520,1212366.56
INFO:root:0.03,1.04,6,1440,1211885.39
INFO:root:0.05,1.03,4,2040,1211740.65
INFO:root:0.05,1.01,5,2400,1211553.34
INFO:root:0.05,1.01,6,1800,1211450.73
INFO:root:0.03,1.04,7,1440,1211112.47
INFO:root:0.04,1.04,5,2160,1210486.52
INFO:root:0.03,1.04,4,2280,1210466.41
INFO:root:0.04,1.02,7,2280,1210355.99
INFO:root:0.04,1.04,4,2160,1210269.93
INFO:root:0.03,1.04,5,1560,1210112.67
INFO:root:0.05,1.02,4,2400,1210027.98
INFO:root:0.03,1.03,7,1440,1209886.16
INFO:root:0.03,1.03,4,1440,1209183.75
INFO:root:0.02,1.04,3,2520,1209110.96
INFO:root:0.04,1.03,6,2280,1208841.23
INFO:root:0.04,1.03,7,2520,1208750.17
INFO:root:0.04,1.01,6,2160,1208154.4
INFO:root:0.05,1.01,5,2280,1208060.14
INFO:root:0.05,1.04,5,1920,1207725.46
INFO:root:0.04,1.02,6,2160,1207483.16
INFO:root:0.05,1.01,6,1560,1207334.39
INFO:root:0.04,1.02,4,1920,1206716.51
INFO:root:0.03,1.02,4,2640,1206453.55
INFO:root:0.05,1.03,4,2640,1206129.16
INFO:root:0.02,1.01,3,2280,1205950.4
INFO:root:0.05,1.01,7,1800,1205714.45
INFO:root:0.02,1.04,3,2640,1205442.84
INFO:root:0.03,1.03,6,2280,1205430.35
INFO:root:0.04,1.04,7,1440,1205325.55
INFO:root:0.03,1.04,4,2160,1205122.33
INFO:root:0.03,1.03,4,2280,1203883.11
INFO:root:0.04,1.04,4,1920,1203753.04
INFO:root:0.03,1.02,7,1440,1203700.08
INFO:root:0.03,1.04,5,2040,1203507.81
INFO:root:0.03,1.02,5,1560,1203383.42
INFO:root:0.05,1.01,3,1440,1203318.49
INFO:root:0.02,1.03,3,2640,1202983.94
INFO:root:0.05,1.03,7,1680,1202904.66
INFO:root:0.04,1.01,5,2520,1202524.09
INFO:root:0.03,1.03,5,2040,1202348.86
INFO:root:0.03,1.04,5,2640,1202207.24
INFO:root:0.03,1.03,5,2640,1202002.75
INFO:root:0.04,1.04,4,2640,1201328.64
INFO:root:0.05,1.02,4,2040,1200752.73
INFO:root:0.02,1.04,5,1800,1200431.72
INFO:root:0.02,1.02,3,2400,1199796.39
INFO:root:0.03,1.04,6,2280,1199762.23
INFO:root:0.03,1.04,7,1560,1199564.62
INFO:root:0.03,1.04,6,1920,1199524.59
INFO:root:0.02,1.03,7,1440,1199363.55
INFO:root:0.02,1.04,7,1440,1199363.55
INFO:root:0.05,1.04,5,2400,1199237.16
INFO:root:0.05,1.01,4,1920,1199194.2
INFO:root:0.04,1.01,4,2760,1198684.71
INFO:root:0.05,1.02,4,2640,1198398.26
INFO:root:0.02,1.01,6,2520,1198155.16
INFO:root:0.03,1.02,6,2880,1198100.85
INFO:root:0.03,1.04,7,2520,1198041.67
INFO:root:0.03,1.02,6,2400,1197704.28
INFO:root:0.03,1.03,4,2760,1197661.1
INFO:root:0.05,1.01,5,2040,1197657.31
INFO:root:0.04,1.03,7,2280,1197602.38
INFO:root:0.04,1.01,5,1800,1197488
INFO:root:0.03,1.03,7,1560,1197028.5
INFO:root:0.03,1.03,6,1920,1197016.25
INFO:root:0.04,1.02,7,1680,1196630.68
INFO:root:0.04,1.04,4,2760,1196253.08
INFO:root:0.04,1.01,7,1680,1196212.48
INFO:root:0.04,1.02,5,2400,1196205.86
INFO:root:0.05,1.04,5,1800,1195873.58
INFO:root:0.03,1.03,5,1560,1195865.86
INFO:root:0.04,1.03,5,2040,1195489.84
INFO:root:0.04,1.01,6,1920,1195419.05
INFO:root:0.03,1.02,7,2040,1195418.61
INFO:root:0.04,1.02,5,2280,1195300.43
INFO:root:0.03,1.02,4,2400,1195237.1
INFO:root:0.05,1.01,6,1440,1194835.84
INFO:root:0.04,1.02,6,2280,1194616.81
INFO:root:0.04,1.03,5,1800,1194576.56
INFO:root:0.04,1.03,4,1920,1193953.14
INFO:root:0.05,1.03,5,1920,1192883.41
INFO:root:0.05,1.02,6,1560,1192866.81
INFO:root:0.04,1.04,6,2280,1192372.73
INFO:root:0.03,1.03,7,1800,1191894.92
INFO:root:0.03,1.04,7,1800,1191894.92
INFO:root:0.02,1.04,3,2040,1191785.89
INFO:root:0.05,1.01,5,2160,1191562.4
INFO:root:0.03,1.02,6,2040,1191345.63
INFO:root:0.03,1.03,7,2160,1191266.11
INFO:root:0.03,1.04,7,2160,1191266.11
INFO:root:0.03,1.04,4,2760,1190940.3
INFO:root:0.04,1.02,4,1800,1190939.32
INFO:root:0.04,1.03,7,1680,1190776.92
INFO:root:0.02,1.02,3,2040,1190441.23
INFO:root:0.04,1.03,4,2160,1190280.85
INFO:root:0.04,1.03,5,2520,1189978.06
INFO:root:0.02,1.02,7,1440,1189755.73
INFO:root:0.03,1.03,7,2400,1189636.08
INFO:root:0.03,1.04,7,2400,1189636.08
INFO:root:0.02,1.02,3,2520,1189009.51
INFO:root:0.02,1.03,5,1800,1188886.33
INFO:root:0.02,1.01,4,2400,1188643.42
INFO:root:0.03,1.01,7,1440,1188419.65
INFO:root:0.02,1.04,3,2760,1188316.32
INFO:root:0.03,1.03,4,1560,1187999.21
INFO:root:0.03,1.01,5,1800,1187998.82
INFO:root:0.03,1.01,7,1560,1187662.64
INFO:root:0.02,1.04,5,1560,1187158.28
INFO:root:0.02,1.03,3,2760,1187154.62
INFO:root:0.02,1.02,3,2640,1186857.9
INFO:root:0.02,1.01,6,2400,1186787.93
INFO:root:0.04,1.02,5,2040,1186722.61
INFO:root:0.03,1.04,7,1920,1186542.53
INFO:root:0.04,1.03,4,2760,1186437.82
INFO:root:0.03,1.02,7,2400,1186344.37
INFO:root:0.04,1.03,7,2640,1186302.79
INFO:root:0.03,1.02,7,1560,1186033.39
INFO:root:0.04,1.02,3,2880,1185822.89
INFO:root:0.04,1.04,7,2640,1185699.68
INFO:root:0.02,1.03,3,2520,1185411.09
INFO:root:0.03,1.02,5,2760,1185254.43
INFO:root:0.03,1.02,6,2160,1184877.8
INFO:root:0.03,1.02,4,2520,1184717.16
INFO:root:0.04,1.04,7,1680,1184533.01
INFO:root:0.03,1.01,5,1440,1184220.11
INFO:root:0.03,1.04,6,1560,1183890.92
INFO:root:0.05,1.03,4,2760,1183509.64
INFO:root:0.05,1.01,5,1920,1183379.01
INFO:root:0.03,1.03,7,1920,1182721.01
INFO:root:0.05,1.02,4,2160,1182687.43
INFO:root:0.04,1.04,5,2040,1182547.94
INFO:root:0.04,1.03,7,2760,1182478.89
INFO:root:0.04,1.04,7,2760,1182396.16
INFO:root:0.04,1.02,6,1920,1181930.58
INFO:root:0.04,1.04,6,1440,1181407.12
INFO:root:0.03,1.04,5,1680,1181342.22
INFO:root:0.04,1.03,4,1680,1181294.18
INFO:root:0.05,1.03,6,1800,1181259.3
INFO:root:0.02,1.01,3,2040,1181057.58
INFO:root:0.04,1.01,4,2880,1180730.63
INFO:root:0.04,1.02,7,2520,1180544.07
INFO:root:0.03,1.04,7,2280,1180212.06
INFO:root:0.03,1.02,5,2160,1178973.23
INFO:root:0.03,1.01,4,2040,1178474.47
INFO:root:0.03,1.03,6,1560,1178444.77
INFO:root:0.04,1.04,5,1800,1178369.52
INFO:root:0.03,1.02,7,1800,1178025.63
INFO:root:0.03,1.04,5,1920,1178024.81
INFO:root:0.03,1.02,4,1680,1178009.86
INFO:root:0.04,1.03,6,1920,1177484.18
INFO:root:0.03,1.02,5,1680,1176882.72
INFO:root:0.04,1.02,5,1920,1176815.97
INFO:root:0.02,1.02,6,2640,1176694.71
INFO:root:0.02,1.03,6,2640,1176694.71
INFO:root:0.02,1.04,6,2640,1176694.71
INFO:root:0.02,1.01,6,2280,1176483.26
INFO:root:0.02,1.03,5,1560,1175360.23
INFO:root:0.03,1.02,5,2640,1174561.34
INFO:root:0.03,1.02,7,2160,1174343.65
INFO:root:0.05,1.02,3,2880,1174295.65
INFO:root:0.03,1.01,5,1560,1173697.71
INFO:root:0.02,1.03,5,2160,1173633.25
INFO:root:0.02,1.04,5,2160,1173633.25
INFO:root:0.04,1.04,7,2880,1173328.19
INFO:root:0.02,1.01,4,2280,1173288.02
INFO:root:0.02,1.01,5,1440,1173174.47
INFO:root:0.03,1.02,7,1920,1172963.42
INFO:root:0.03,1.01,3,2760,1172891.04
INFO:root:0.02,1.01,3,2160,1172279.62
INFO:root:0.03,1.04,4,1920,1171205.73
INFO:root:0.04,1.03,5,2280,1171185.1
INFO:root:0.02,1.03,3,2040,1171153.83
INFO:root:0.03,1.04,7,1680,1171120.85
INFO:root:0.03,1.02,6,2280,1170375.76
INFO:root:0.03,1.04,5,1440,1169771.08
INFO:root:0.03,1.02,4,1920,1169278.86
INFO:root:0.03,1.04,4,1800,1169225.18
INFO:root:0.03,1.03,6,1800,1168776.53
INFO:root:0.03,1.04,6,1800,1168776.53
INFO:root:0.03,1.01,6,2040,1168488.87
INFO:root:0.03,1.03,7,1680,1168283.67
INFO:root:0.02,1.02,6,2760,1168028.78
INFO:root:0.02,1.03,6,2760,1168028.78
INFO:root:0.02,1.04,6,2760,1168028.78
INFO:root:0.02,1.02,5,2880,1167807.08
INFO:root:0.05,1.02,4,1680,1166410.53
INFO:root:0.04,1.01,3,1560,1165841.43
INFO:root:0.02,1.03,5,2880,1165612.99
INFO:root:0.02,1.04,5,2880,1165612.99
INFO:root:0.02,1.04,5,1920,1165345.11
INFO:root:0.03,1.03,5,1920,1165309.17
INFO:root:0.03,1.02,5,1920,1165262.52
INFO:root:0.02,1.04,4,2520,1165059.48
INFO:root:0.02,1.03,5,2040,1165053.46
INFO:root:0.02,1.04,5,2040,1165053.46
INFO:root:0.05,1.03,6,1560,1165048.79
INFO:root:0.05,1.01,7,1440,1164965.86
INFO:root:0.04,1.01,5,2400,1164767.97
INFO:root:0.04,1.01,4,1800,1164596.54
INFO:root:0.02,1.02,5,1800,1164276.41
INFO:root:0.03,1.01,6,2160,1163845.25
INFO:root:0.01,1.02,5,1800,1163546.94
INFO:root:0.01,1.03,5,1800,1163546.94
INFO:root:0.01,1.04,5,1800,1163546.94
INFO:root:0.04,1.01,7,1440,1163118.01
INFO:root:0.03,1.03,7,2520,1162998.05
INFO:root:0.04,1.01,6,1680,1162605.56
INFO:root:0.02,1.01,4,1440,1162382.7
INFO:root:0.03,1.03,4,2160,1162256.63
INFO:root:0.03,1.03,4,1920,1162160.97
INFO:root:0.02,1.04,6,1440,1161736.64
INFO:root:0.05,1.03,4,1560,1161588.2
INFO:root:0.02,1.03,6,1440,1161560.41
INFO:root:0.02,1.03,7,1560,1161372.78
INFO:root:0.02,1.04,7,1560,1161372.78
INFO:root:0.02,1.01,7,1440,1160828.44
INFO:root:0.04,1.04,6,1920,1160825.25
INFO:root:0.04,1.01,5,2280,1160782.14
INFO:root:0.02,1.02,6,2040,1160323.81
INFO:root:0.04,1.01,4,2520,1159468.04
INFO:root:0.04,1.01,3,1440,1159282.32
INFO:root:0.04,1.04,5,2520,1159250.8
INFO:root:0.02,1.01,5,1800,1159079.06
INFO:root:0.03,1.04,5,2280,1158785.36
INFO:root:0.04,1.01,6,1800,1158473.03
INFO:root:0.04,1.01,5,1560,1158363.19
INFO:root:0.03,1.02,7,2280,1158293.49
INFO:root:0.04,1.03,6,1440,1157634.3
INFO:root:0.03,1.03,5,2280,1157388.66
INFO:root:0.04,1.01,5,1440,1157251.89
INFO:root:0.03,1.02,7,1680,1157215.45
INFO:root:0.05,1.03,6,1680,1157200.86
INFO:root:0.03,1.03,7,2280,1157142.18
INFO:root:0.03,1.02,5,1440,1156823.83
INFO:root:0.04,1.03,5,2400,1156711.07
INFO:root:0.02,1.03,5,1920,1156592.76
INFO:root:0.02,1.03,7,2520,1156264.69
INFO:root:0.02,1.04,7,2520,1156264.69
INFO:root:0.02,1.03,6,2040,1155747.93
INFO:root:0.02,1.04,6,2040,1155747.93
INFO:root:0.03,1.02,6,1920,1155560.83
INFO:root:0.03,1.01,6,2640,1155278.76
INFO:root:0.04,1.04,5,2280,1155243.05
INFO:root:0.04,1.02,7,2640,1155165.9
INFO:root:0.02,1.02,6,2520,1155112.31
INFO:root:0.02,1.04,4,1440,1154962.03
INFO:root:0.02,1.03,6,1920,1154912.07
INFO:root:0.02,1.04,6,1920,1154912.07
INFO:root:0.02,1.04,4,2400,1154910.95
INFO:root:0.05,1.02,5,1680,1154482.17
INFO:root:0.02,1.01,7,1560,1154330.86
INFO:root:0.05,1.04,4,1920,1153801.22
INFO:root:0.02,1.01,5,2400,1153640.79
INFO:root:0.02,1.04,5,1440,1153311.83
INFO:root:0.02,1.01,3,2760,1153253.65
INFO:root:0.04,1.01,5,2040,1153172.59
INFO:root:0.04,1.03,4,1800,1153170.41
INFO:root:0.02,1.02,6,2160,1153165.26
INFO:root:0.04,1.01,6,1560,1153147.51
INFO:root:0.02,1.02,5,1560,1153098.36
INFO:root:0.02,1.02,4,1440,1153084.69
INFO:root:0.03,1.01,6,2520,1153044.25
INFO:root:0.05,1.02,5,1560,1152756.89
INFO:root:0.04,1.01,6,1440,1152424.53
INFO:root:0.03,1.01,3,2880,1151784.38
INFO:root:0.03,1.04,4,1680,1151755.37
INFO:root:0.02,1.02,4,2400,1151149.84
INFO:root:0.03,1.02,5,2040,1151146.1
INFO:root:0.02,1.02,7,1560,1150931.59
INFO:root:0.05,1.04,4,2040,1150808.83
INFO:root:0.02,1.02,3,2760,1150465.41
INFO:root:0.02,1.01,5,2640,1149536.7
INFO:root:0.03,1.02,4,1800,1149484.6
INFO:root:0.02,1.01,5,1560,1149118.65
INFO:root:0.04,1.01,7,1800,1149101.76
INFO:root:0.02,1.04,6,2520,1148993.51
INFO:root:0.02,1.03,6,2160,1148815.65
INFO:root:0.02,1.04,6,2160,1148815.65
INFO:root:0.04,1.04,4,2880,1148703.5
INFO:root:0.03,1.01,6,1920,1148478.14
INFO:root:0.04,1.02,7,2760,1148296.18
INFO:root:0.02,1.03,6,2520,1148256.25
INFO:root:0.04,1.01,5,1920,1148223.71
INFO:root:0.03,1.01,5,1680,1147777.75
INFO:root:0.04,1.01,5,2160,1147130.08
INFO:root:0.05,1.02,4,1920,1146873.58
INFO:root:0.02,1.02,6,2400,1146306.12
INFO:root:0.03,1.03,6,1680,1146192.79
INFO:root:0.03,1.04,6,1680,1146192.79
INFO:root:0.02,1.02,5,2040,1146157.71
INFO:root:0.05,1.02,6,1680,1146113.74
INFO:root:0.02,1.01,4,1560,1145531.57
INFO:root:0.02,1.03,6,1680,1145499.15
INFO:root:0.02,1.04,6,1680,1145499.15
INFO:root:0.03,1.01,4,2640,1145477.33
INFO:root:0.05,1.01,6,2640,1145228.39
INFO:root:0.05,1.03,4,1920,1144613.18
INFO:root:0.02,1.01,5,2880,1144468.03
INFO:root:0.04,1.03,7,2880,1144424.73
INFO:root:0.04,1.01,5,1680,1144221.35
INFO:root:0.02,1.03,7,1800,1143938.32
INFO:root:0.02,1.04,7,1800,1143938.32
INFO:root:0.02,1.01,4,2640,1143683.62
INFO:root:0.04,1.01,6,2640,1143560.85
INFO:root:0.02,1.02,4,2520,1143321.14
INFO:root:0.02,1.04,5,1680,1143224.85
INFO:root:0.03,1.01,4,2400,1143005.08
INFO:root:0.04,1.02,6,1440,1142972.57
INFO:root:0.02,1.02,5,1920,1142868.2
INFO:root:0.02,1.02,7,1800,1142714.47
INFO:root:0.03,1.04,4,2880,1142086.71
INFO:root:0.03,1.03,4,1680,1142017.11
INFO:root:0.05,1.01,6,2520,1141979.53
INFO:root:0.02,1.03,5,1440,1141903.36
INFO:root:0.02,1.03,4,1440,1141847.13
INFO:root:0.03,1.03,7,2640,1141574.94
INFO:root:0.03,1.04,7,2640,1141574.94
INFO:root:0.02,1.02,6,2880,1141232.03
INFO:root:0.02,1.03,6,2880,1141232.03
INFO:root:0.02,1.04,6,2880,1141232.03
INFO:root:0.04,1.01,6,2520,1141042.93
INFO:root:0.04,1.04,6,1560,1140804.6
INFO:root:0.03,1.03,5,1680,1140748.05
INFO:root:0.04,1.04,4,1800,1140623.19
INFO:root:0.02,1.03,6,2400,1140466.95
INFO:root:0.02,1.04,6,2400,1140466.95
INFO:root:0.04,1.02,4,2760,1140407.96
INFO:root:0.02,1.02,5,2160,1140371.9
INFO:root:0.03,1.01,6,2400,1140158.74
INFO:root:0.03,1.04,5,2400,1140112.7
INFO:root:0.03,1.01,7,1680,1140019.27
INFO:root:0.05,1.03,5,1560,1139667.95
INFO:root:0.02,1.01,6,2640,1139600.18
INFO:root:0.04,1.02,5,1560,1139388.87
INFO:root:0.03,1.02,5,2280,1138892.4
INFO:root:0.05,1.03,5,1680,1138742.97
INFO:root:0.02,1.02,6,1920,1138686.73
INFO:root:0.03,1.03,5,2400,1138300.14
INFO:root:0.03,1.04,7,2880,1138237.92
INFO:root:0.03,1.02,5,2400,1138177.87
INFO:root:0.03,1.02,6,1440,1138072.03
INFO:root:0.05,1.04,4,1800,1137570.56
INFO:root:0.02,1.03,7,2040,1137339.06
INFO:root:0.02,1.04,7,2040,1137339.06
INFO:root:0.02,1.02,7,2040,1137329.43
INFO:root:0.03,1.01,4,1800,1137196.67
INFO:root:0.05,1.02,4,1800,1136918.85
INFO:root:0.03,1.03,7,2760,1136783.52
INFO:root:0.03,1.04,7,2760,1136783.52
INFO:root:0.02,1.01,4,1680,1136254.82
INFO:root:0.05,1.02,6,1800,1136174.38
INFO:root:0.04,1.03,6,1560,1135696.89
INFO:root:0.02,1.04,4,2280,1135513.32
INFO:root:0.02,1.01,6,1680,1135483.17
INFO:root:0.04,1.04,5,2400,1135071.47
INFO:root:0.02,1.03,4,2520,1134711.25
INFO:root:0.02,1.02,7,2400,1133692.92
INFO:root:0.02,1.03,7,2400,1133692.92
INFO:root:0.02,1.04,7,2400,1133692.92
INFO:root:0.02,1.01,5,2760,1133671.16
INFO:root:0.02,1.02,6,2280,1133405.08
INFO:root:0.05,1.02,4,2760,1133375.65
INFO:root:0.02,1.01,5,1680,1133372.8
INFO:root:0.02,1.01,5,2520,1133277.09
INFO:root:0.02,1.04,3,1440,1133077.49
INFO:root:0.02,1.03,7,1920,1132626
INFO:root:0.02,1.04,7,1920,1132626
INFO:root:0.03,1.03,5,2520,1132378.88
INFO:root:0.02,1.03,7,1680,1132311.7
INFO:root:0.02,1.04,7,1680,1132311.7
INFO:root:0.05,1.01,3,1560,1132218.23
INFO:root:0.04,1.01,4,1920,1132159.59
INFO:root:0.03,1.01,4,2280,1131995.8
INFO:root:0.02,1.02,6,1440,1131976.09
INFO:root:0.05,1.04,4,2640,1131857.11
INFO:root:0.02,1.03,7,2640,1131311.57
INFO:root:0.02,1.04,7,2640,1131311.57
INFO:root:0.02,1.02,7,1920,1130995.92
INFO:root:0.05,1.02,5,1440,1130831.6
INFO:root:0.02,1.03,4,2400,1130648.92
INFO:root:0.03,1.02,5,2520,1130623.05
INFO:root:0.02,1.01,5,1920,1130310.4
INFO:root:0.02,1.03,5,1680,1130189.2
INFO:root:0.04,1.04,6,1800,1129955.41
INFO:root:0.02,1.03,6,1560,1129518.09
INFO:root:0.02,1.04,6,1560,1129518.09
INFO:root:0.03,1.03,4,1800,1129312.74
INFO:root:0.02,1.01,7,1680,1129157.47
INFO:root:0.02,1.01,7,1800,1129072.18
INFO:root:0.03,1.03,5,1440,1128988.72
INFO:root:0.04,1.03,5,1920,1128252.68
INFO:root:0.03,1.04,5,2520,1128242.39
INFO:root:0.05,1.01,6,2400,1128027.52
INFO:root:0.04,1.01,6,2400,1127806.14
INFO:root:0.02,1.03,6,2280,1127488.51
INFO:root:0.02,1.04,6,2280,1127488.51
INFO:root:0.05,1.02,4,2880,1126822.37
INFO:root:0.02,1.01,4,2760,1126613.16
INFO:root:0.03,1.01,5,1920,1126595.34
INFO:root:0.02,1.01,6,1560,1126382.05
INFO:root:0.05,1.04,4,2760,1126159.21
INFO:root:0.01,1.02,5,1920,1125883.38
INFO:root:0.01,1.03,5,1920,1125883.38
INFO:root:0.01,1.04,5,1920,1125883.38
INFO:root:0.02,1.01,3,2400,1125113.7
INFO:root:0.04,1.02,4,2880,1124778.19
INFO:root:0.04,1.02,5,1680,1124629.09
INFO:root:0.02,1.03,4,2640,1124317.67
INFO:root:0.02,1.01,6,1440,1124092.68
INFO:root:0.03,1.01,6,1440,1124017.11
INFO:root:0.04,1.04,5,1920,1123863.1
INFO:root:0.03,1.02,7,2520,1123327.76
INFO:root:0.03,1.01,6,1680,1123165.66
INFO:root:0.03,1.01,6,2280,1122651.64
INFO:root:0.04,1.03,6,1800,1122405.32
INFO:root:0.02,1.02,7,1680,1122329.74
INFO:root:0.05,1.03,4,1680,1122217.14
INFO:root:0.04,1.02,6,1680,1122149.32
INFO:root:0.03,1.01,6,1560,1121318.72
INFO:root:0.02,1.03,5,2760,1120948.27
INFO:root:0.02,1.04,5,2760,1120948.27
INFO:root:0.05,1.04,5,1680,1120763.93
INFO:root:0.05,1.03,4,2160,1120275.93
INFO:root:0.03,1.01,5,2400,1120187.59
INFO:root:0.01,1.01,5,1800,1120024.86
INFO:root:0.03,1.03,4,2880,1119391.62
INFO:root:0.02,1.02,5,1440,1119252.69
INFO:root:0.02,1.02,5,1680,1118903.65
INFO:root:0.03,1.01,5,2280,1118829.95
INFO:root:0.03,1.01,5,2040,1118573.64
INFO:root:0.02,1.01,3,2520,1118552.41
INFO:root:0.02,1.04,4,2760,1117770.44
INFO:root:0.02,1.02,4,2280,1117680.16
INFO:root:0.02,1.02,4,2640,1116947.65
INFO:root:0.02,1.04,4,2640,1116821.07
INFO:root:0.05,1.04,5,1560,1116090.57
INFO:root:0.03,1.01,4,2160,1115972.46
INFO:root:0.02,1.01,4,2520,1115796.81
INFO:root:0.02,1.03,4,2760,1115675.41
INFO:root:0.02,1.02,7,2520,1115125.63
INFO:root:0.02,1.01,3,1560,1115010.34
INFO:root:0.02,1.01,3,2880,1114854.06
INFO:root:0.05,1.03,4,2880,1114836.41
INFO:root:0.03,1.02,3,2880,1114110.06
INFO:root:0.02,1.02,6,1560,1112957.9
INFO:root:0.03,1.01,5,2160,1112773.59
INFO:root:0.02,1.01,6,1800,1112692.2
INFO:root:0.02,1.02,3,1560,1112163.61
INFO:root:0.02,1.02,6,1680,1112125.92
INFO:root:0.02,1.03,5,2280,1111822.9
INFO:root:0.02,1.04,5,2280,1111822.9
INFO:root:0.02,1.03,4,2280,1111711.13
INFO:root:0.02,1.01,5,2160,1111162.65
INFO:root:0.03,1.01,5,2640,1111142.16
INFO:root:0.03,1.02,4,2760,1110956.24
INFO:root:0.04,1.03,6,1680,1110880.86
INFO:root:0.01,1.02,3,1800,1110779.95
INFO:root:0.05,1.04,5,1440,1110681.64
INFO:root:0.01,1.03,3,1800,1110465.56
INFO:root:0.01,1.04,3,1800,1110465.56
INFO:root:0.05,1.04,4,2160,1109909.87
INFO:root:0.04,1.01,6,2280,1109414.45
INFO:root:0.05,1.01,6,2280,1109296.12
INFO:root:0.02,1.01,4,2040,1108057.45
INFO:root:0.03,1.01,6,1800,1107089.68
INFO:root:0.02,1.03,7,2760,1107067.31
INFO:root:0.02,1.04,7,2760,1107067.31
INFO:root:0.02,1.03,5,2400,1106898.06
INFO:root:0.02,1.04,5,2400,1106898.06
INFO:root:0.02,1.01,5,2040,1106813.17
INFO:root:0.04,1.02,6,1800,1106656.58
INFO:root:0.02,1.01,3,2640,1105948.26
INFO:root:0.04,1.03,4,2880,1105451
INFO:root:0.03,1.03,7,2880,1105095.1
INFO:root:0.02,1.03,5,2640,1104115.63
INFO:root:0.02,1.04,5,2640,1104115.63
INFO:root:0.04,1.04,4,1680,1104024.25
INFO:root:0.05,1.03,4,1800,1103855.69
INFO:root:0.05,1.03,5,1440,1103639.21
INFO:root:0.03,1.01,6,2760,1103483.92
INFO:root:0.03,1.01,4,2760,1102851.11
INFO:root:0.02,1.02,7,2160,1102497.11
INFO:root:0.05,1.04,4,2880,1102277.84
INFO:root:0.01,1.03,3,2160,1101878.03
INFO:root:0.01,1.04,3,2160,1101878.03
INFO:root:0.02,1.01,7,2040,1101559.36
INFO:root:0.01,1.01,5,1920,1101150.89
INFO:root:0.03,1.02,6,1680,1100958.47
INFO:root:0.02,1.03,7,2160,1100843.03
INFO:root:0.02,1.04,7,2160,1100843.03
INFO:root:0.03,1.02,6,1560,1100087.3
INFO:root:0.03,1.01,5,2880,1100081.15
INFO:root:0.03,1.01,3,1560,1099810.88
INFO:root:0.02,1.02,4,1560,1099753.05
INFO:root:0.02,1.03,3,1440,1099547.99
INFO:root:0.04,1.04,6,1680,1099417.99
INFO:root:0.02,1.02,5,2760,1099071.62
INFO:root:0.05,1.04,4,1680,1098339.59
INFO:root:0.02,1.03,6,1800,1098104.79
INFO:root:0.02,1.04,6,1800,1098104.79
INFO:root:0.01,1.02,3,1920,1097846.8
INFO:root:0.01,1.03,3,1920,1097457.36
INFO:root:0.01,1.04,3,1920,1097457.36
INFO:root:0.05,1.01,6,2760,1097120.81
INFO:root:0.04,1.02,6,1560,1096643.31
INFO:root:0.02,1.04,4,1560,1096250.55
INFO:root:0.02,1.03,4,2040,1095966.2
INFO:root:0.04,1.02,5,1440,1095847.6
INFO:root:0.03,1.02,7,2640,1095446
INFO:root:0.03,1.01,5,2760,1095309.67
INFO:root:0.04,1.01,6,2760,1094975.13
INFO:root:0.03,1.01,4,2880,1093799.69
INFO:root:0.02,1.02,5,2280,1093276.92
INFO:root:0.03,1.01,5,2520,1093184.62
INFO:root:0.05,1.01,7,2040,1092484.09
INFO:root:0.01,1.03,3,1680,1092444.93
INFO:root:0.01,1.04,3,1680,1092444.93
INFO:root:0.01,1.01,6,2040,1092330.89
INFO:root:0.01,1.02,3,2160,1091639.17
INFO:root:0.02,1.02,3,1440,1091086.17
INFO:root:0.03,1.01,4,1920,1091011.31
INFO:root:0.02,1.01,5,2280,1090987.75
INFO:root:0.02,1.04,4,2040,1089671.47
INFO:root:0.04,1.03,5,1560,1089631.96
INFO:root:0.02,1.03,4,1560,1089610.45
INFO:root:0.03,1.02,7,2760,1089368.7
INFO:root:0.02,1.01,4,2160,1089151.34
INFO:root:0.02,1.02,4,2160,1089107.16
INFO:root:0.03,1.02,6,1800,1088536.25
INFO:root:0.02,1.02,7,2280,1088413.8
INFO:root:0.02,1.02,7,2640,1088293.86
INFO:root:0.01,1.02,7,1440,1088009.77
INFO:root:0.01,1.03,7,1440,1088009.77
INFO:root:0.01,1.04,7,1440,1088009.77
INFO:root:0.02,1.02,6,1800,1087876.48
INFO:root:0.01,1.01,6,1920,1087739.34
INFO:root:0.01,1.01,7,1440,1087587.36
INFO:root:0.01,1.02,3,2280,1086922.94
INFO:root:0.02,1.03,7,2880,1086690.02
INFO:root:0.02,1.04,7,2880,1086690.02
INFO:root:0.05,1.01,6,2880,1086515.51
INFO:root:0.04,1.01,7,2040,1085952.95
INFO:root:0.01,1.03,3,2280,1085930.36
INFO:root:0.01,1.04,3,2280,1085930.36
INFO:root:0.03,1.01,4,2520,1085260.13
INFO:root:0.02,1.01,4,2880,1085037.29
INFO:root:0.02,1.03,3,1560,1085009.46
INFO:root:0.02,1.02,5,2400,1084604.3
INFO:root:0.01,1.01,6,2160,1084381.39
INFO:root:0.03,1.01,7,1800,1084008.56
INFO:root:0.01,1.02,5,2040,1083859.2
INFO:root:0.01,1.03,5,2040,1083859.2
INFO:root:0.01,1.04,5,2040,1083859.2
INFO:root:0.01,1.02,6,2040,1083454.81
INFO:root:0.01,1.03,6,2040,1083454.81
INFO:root:0.01,1.04,6,2040,1083454.81
INFO:root:0.02,1.03,7,2280,1083402.94
INFO:root:0.02,1.04,7,2280,1083402.94
INFO:root:0.01,1.02,6,1920,1083313.53
INFO:root:0.01,1.03,6,1920,1083313.53
INFO:root:0.01,1.04,6,1920,1083313.53
INFO:root:0.02,1.01,6,2760,1083305.97
INFO:root:0.02,1.02,5,2640,1082311.72
INFO:root:0.02,1.04,3,1560,1081392.16
INFO:root:0.02,1.02,4,2040,1081166.1
INFO:root:0.01,1.01,6,2640,1079758.17
INFO:root:0.01,1.01,7,1560,1079345.2
INFO:root:0.03,1.01,6,2880,1078890.12
INFO:root:0.04,1.01,6,2880,1077394.57
INFO:root:0.01,1.01,6,1680,1077306.86
INFO:root:0.02,1.01,7,1920,1077217.63
INFO:root:0.02,1.03,3,2880,1076991.35
INFO:root:0.05,1.01,7,2520,1076373.35
INFO:root:0.01,1.01,3,1920,1075575.73
INFO:root:0.01,1.02,6,2640,1074966.29
INFO:root:0.01,1.03,6,2640,1074966.29
INFO:root:0.01,1.04,6,2640,1074966.29
INFO:root:0.01,1.02,7,1560,1074860.07
INFO:root:0.01,1.03,7,1560,1074860.07
INFO:root:0.01,1.04,7,1560,1074860.07
INFO:root:0.02,1.01,4,1800,1074708.5
INFO:root:0.02,1.04,3,2880,1074624.61
INFO:root:0.01,1.02,3,1680,1074044.31
INFO:root:0.02,1.04,4,2880,1073973.98
INFO:root:0.04,1.04,5,1560,1073933.36
INFO:root:0.03,1.02,4,2880,1073906.67
INFO:root:0.05,1.01,7,1920,1073078.62
INFO:root:0.01,1.02,6,2760,1072591.25
INFO:root:0.01,1.03,6,2760,1072591.25
INFO:root:0.01,1.04,6,2760,1072591.25
INFO:root:0.01,1.02,6,2160,1072497.07
INFO:root:0.01,1.03,6,2160,1072497.07
INFO:root:0.01,1.04,6,2160,1072497.07
INFO:root:0.01,1.03,5,1440,1072403.46
INFO:root:0.01,1.04,5,1440,1072403.46
INFO:root:0.02,1.04,4,2160,1072374.67
INFO:root:0.01,1.01,6,2520,1072373.52
INFO:root:0.01,1.02,5,1560,1072349.3
INFO:root:0.01,1.03,5,1560,1072349.3
INFO:root:0.01,1.04,5,1560,1072349.3
INFO:root:0.03,1.01,7,2040,1071909.25
INFO:root:0.02,1.01,7,2520,1071577.25
INFO:root:0.02,1.02,3,2880,1071171.99
INFO:root:0.02,1.01,6,2880,1070743.26
INFO:root:0.02,1.02,4,2760,1070339.75
INFO:root:0.01,1.02,5,2160,1070043.97
INFO:root:0.01,1.03,5,2160,1070043.97
INFO:root:0.01,1.04,5,2160,1070043.97
INFO:root:0.01,1.02,6,1680,1069457.74
INFO:root:0.01,1.03,6,1680,1069457.74
INFO:root:0.01,1.04,6,1680,1069457.74
INFO:root:0.01,1.03,5,1680,1068749.1
INFO:root:0.01,1.04,5,1680,1068749.1
INFO:root:0.05,1.01,7,2280,1068248.58
INFO:root:0.05,1.01,7,2400,1068120.58
INFO:root:0.02,1.01,7,2400,1068027.1
INFO:root:0.01,1.01,5,2040,1067706.21
INFO:root:0.01,1.02,5,1440,1067562.96
INFO:root:0.04,1.01,7,1920,1067342.46
INFO:root:0.01,1.02,5,2880,1066995.33
INFO:root:0.01,1.03,5,2880,1066995.33
INFO:root:0.01,1.04,5,2880,1066995.33
INFO:root:0.03,1.01,3,1440,1066914
INFO:root:0.01,1.02,5,1680,1066888.19
INFO:root:0.01,1.02,6,2520,1066086.25
INFO:root:0.01,1.03,6,2520,1066086.25
INFO:root:0.01,1.04,6,2520,1066086.25
INFO:root:0.04,1.04,5,1680,1065200.15
INFO:root:0.01,1.01,6,2400,1064946.54
INFO:root:0.02,1.02,7,2760,1064595.85
INFO:root:0.01,1.01,5,2160,1064369.45
INFO:root:0.01,1.01,7,1680,1064313.82
INFO:root:0.02,1.01,7,2160,1064185.52
INFO:root:0.02,1.01,7,2280,1064104.98
INFO:root:0.05,1.02,7,2880,1063369.7
INFO:root:0.01,1.01,7,1800,1062889.41
INFO:root:0.04,1.01,7,2280,1061880.95
INFO:root:0.01,1.01,7,2040,1061773.44
INFO:root:0.05,1.01,7,2760,1061686.94
INFO:root:0.01,1.02,3,2040,1060824.11
INFO:root:0.01,1.03,3,2040,1060626.53
INFO:root:0.01,1.04,3,2040,1060626.53
INFO:root:0.01,1.01,6,2280,1060305.03
INFO:root:0.01,1.01,5,1680,1059918.05
INFO:root:0.01,1.02,7,2040,1059900.28
INFO:root:0.01,1.03,7,2040,1059900.28
INFO:root:0.01,1.04,7,2040,1059900.28
INFO:root:0.01,1.01,5,1440,1058677.1
INFO:root:0.01,1.02,6,2400,1058396.41
INFO:root:0.01,1.03,6,2400,1058396.41
INFO:root:0.01,1.04,6,2400,1058396.41
INFO:root:0.02,1.03,5,2520,1057857.99
INFO:root:0.01,1.02,5,2400,1057765.05
INFO:root:0.01,1.03,5,2400,1057765.05
INFO:root:0.01,1.04,5,2400,1057765.05
INFO:root:0.05,1.01,7,2160,1057250.32
INFO:root:0.01,1.03,6,1440,1057225.32
INFO:root:0.01,1.04,6,1440,1057225.32
INFO:root:0.01,1.02,7,1680,1057049.11
INFO:root:0.01,1.03,7,1680,1057049.11
INFO:root:0.01,1.04,7,1680,1057049.11
INFO:root:0.01,1.02,6,1440,1056703.52
INFO:root:0.01,1.02,6,1560,1056524.04
INFO:root:0.01,1.03,6,1560,1056524.04
INFO:root:0.01,1.04,6,1560,1056524.04
INFO:root:0.01,1.03,7,1800,1056101.63
INFO:root:0.01,1.04,7,1800,1056101.63
INFO:root:0.04,1.01,7,2520,1055831.92
INFO:root:0.01,1.01,3,2280,1055732.23
INFO:root:0.01,1.02,5,2760,1055624.6
INFO:root:0.01,1.03,5,2760,1055624.6
INFO:root:0.01,1.04,5,2760,1055624.6
INFO:root:0.02,1.04,5,2520,1055430.16
INFO:root:0.01,1.02,7,1800,1055347.61
INFO:root:0.02,1.02,5,2520,1054783.34
INFO:root:0.04,1.01,7,2400,1054581.99
INFO:root:0.01,1.02,5,2280,1054551.8
INFO:root:0.01,1.03,5,2280,1054551.8
INFO:root:0.01,1.04,5,2280,1054551.8
INFO:root:0.02,1.01,7,2760,1054441.27
INFO:root:0.01,1.02,7,1920,1054271.85
INFO:root:0.01,1.03,7,1920,1054271.85
INFO:root:0.01,1.04,7,1920,1054271.85
INFO:root:0.01,1.01,6,1800,1054123.01
INFO:root:0.03,1.01,7,1920,1053562.69
INFO:root:0.02,1.04,4,1800,1053396.35
INFO:root:0.01,1.03,6,2280,1053311.52
INFO:root:0.01,1.04,6,2280,1053311.52
INFO:root:0.01,1.02,6,2280,1053237.53
INFO:root:0.02,1.04,4,1920,1052754.03
INFO:root:0.01,1.03,4,1560,1052694.29
INFO:root:0.01,1.04,4,1560,1052694.29
INFO:root:0.01,1.02,6,1800,1052679.84
INFO:root:0.01,1.03,6,1800,1052679.84
INFO:root:0.01,1.04,6,1800,1052679.84
INFO:root:0.01,1.01,5,2400,1052185.19
INFO:root:0.04,1.01,7,2160,1051021.44
INFO:root:0.01,1.01,7,1920,1050833.44
INFO:root:0.02,1.03,4,1920,1049322.09
INFO:root:0.01,1.01,5,2280,1048095.73
INFO:root:0.05,1.01,7,2880,1047495.66
INFO:root:0.01,1.01,6,1440,1047002.26
INFO:root:0.01,1.02,6,2880,1046921.2
INFO:root:0.01,1.03,6,2880,1046921.2
INFO:root:0.01,1.04,6,2880,1046921.2
INFO:root:0.04,1.03,5,1680,1046865.46
INFO:root:0.01,1.01,6,1560,1046653.41
INFO:root:0.02,1.03,4,2160,1046147.27
INFO:root:0.01,1.01,3,1800,1046093.52
INFO:root:0.01,1.01,3,2160,1044588.55
INFO:root:0.02,1.03,4,2880,1043677.22
INFO:root:0.01,1.03,4,1680,1043191.01
INFO:root:0.01,1.04,4,1680,1043191.01
INFO:root:0.03,1.01,7,2280,1043082.71
INFO:root:0.01,1.01,5,2880,1043047.78
INFO:root:0.01,1.03,5,2640,1042870.35
INFO:root:0.01,1.04,5,2640,1042870.35
INFO:root:0.01,1.01,5,1560,1042861.96
INFO:root:0.02,1.01,3,1440,1042191.49
INFO:root:0.04,1.01,7,2760,1041919.55
INFO:root:0.05,1.01,7,2640,1041579.99
INFO:root:0.01,1.02,4,1560,1041445.14
INFO:root:0.01,1.02,7,2400,1041216.47
INFO:root:0.01,1.03,7,2400,1041216.47
INFO:root:0.01,1.04,7,2400,1041216.47
INFO:root:0.02,1.01,7,2880,1041093.66
INFO:root:0.02,1.01,7,2640,1040628.35
INFO:root:0.04,1.02,7,2880,1040207.67
INFO:root:0.01,1.01,5,2520,1038540.93
INFO:root:0.01,1.02,5,2640,1037645.6
INFO:root:0.02,1.02,4,1680,1037381.15
INFO:root:0.01,1.01,5,2640,1036587.24
INFO:root:0.03,1.01,7,2160,1035501.8
INFO:root:0.03,1.02,7,2880,1035342.17
INFO:root:0.01,1.01,3,2040,1034835.33
INFO:root:0.01,1.02,7,2280,1034453.48
INFO:root:0.01,1.03,7,2280,1034453.48
INFO:root:0.01,1.04,7,2280,1034453.48
INFO:root:0.03,1.01,7,2520,1034370.24
INFO:root:0.02,1.02,4,1800,1032190.13
INFO:root:0.01,1.02,7,2160,1032181.11
INFO:root:0.01,1.03,7,2160,1032181.11
INFO:root:0.01,1.04,7,2160,1032181.11
INFO:root:0.01,1.02,5,2520,1032060.73
INFO:root:0.01,1.02,4,1680,1031794.14
INFO:root:0.03,1.01,7,2400,1031472.69
INFO:root:0.02,1.02,4,1920,1031061.21
INFO:root:0.01,1.01,5,2760,1031053.11
INFO:root:0.01,1.01,4,1560,1030958.21
INFO:root:0.01,1.04,5,2520,1029652.34
INFO:root:0.02,1.01,4,1920,1028908.99
INFO:root:0.01,1.03,5,2520,1028487.02
INFO:root:0.01,1.01,4,2400,1027736.11
INFO:root:0.02,1.04,4,1680,1026327.7
INFO:root:0.01,1.02,7,2520,1025422.51
INFO:root:0.01,1.03,7,2520,1025422.51
INFO:root:0.01,1.04,7,2520,1025422.51
INFO:root:0.01,1.04,4,2040,1025412.53
INFO:root:0.02,1.02,7,2880,1023752.7
INFO:root:0.04,1.03,5,1440,1023276.92
INFO:root:0.01,1.01,7,2280,1023150.52
INFO:root:0.02,1.02,4,2880,1022907
INFO:root:0.03,1.01,7,2760,1022822.1
INFO:root:0.01,1.01,7,2160,1022521.22
INFO:root:0.04,1.01,7,2640,1022181.22
INFO:root:0.02,1.03,4,1800,1021618.22
INFO:root:0.01,1.02,7,2640,1021207.28
INFO:root:0.01,1.03,7,2640,1021207.28
INFO:root:0.01,1.04,7,2640,1021207.28
INFO:root:0.01,1.03,4,1440,1021005.87
INFO:root:0.01,1.04,4,1440,1021005.87
INFO:root:0.01,1.01,7,2520,1018860.21
INFO:root:0.01,1.02,7,2760,1016810.43
INFO:root:0.01,1.03,7,2760,1016810.43
INFO:root:0.01,1.04,7,2760,1016810.43
INFO:root:0.01,1.01,7,2400,1016632.18
INFO:root:0.01,1.02,4,2040,1016505.38
INFO:root:0.04,1.01,7,2880,1016380.55
INFO:root:0.02,1.03,4,1680,1016201.68
INFO:root:0.01,1.01,4,2520,1015855.03
INFO:root:0.01,1.04,4,2400,1015534.82
INFO:root:0.04,1.04,5,1440,1014408.77
INFO:root:0.01,1.03,4,2040,1013274.09
INFO:root:0.01,1.04,4,2520,1013216.57
INFO:root:0.01,1.02,4,1440,1012868.67
INFO:root:0.01,1.04,4,2280,1011181.04
INFO:root:0.01,1.01,3,1680,1010034.81
INFO:root:0.01,1.01,4,2640,1010027.97
INFO:root:0.01,1.01,6,2760,1009985.49
INFO:root:0.03,1.01,7,2640,1009644.64
INFO:root:0.01,1.02,4,2280,1008649.76
INFO:root:0.03,1.01,7,2880,1008304.7
INFO:root:0.01,1.01,7,2760,1007732.84
INFO:root:0.01,1.01,7,2880,1006990.71
INFO:root:0.01,1.03,4,2400,1006150.21
INFO:root:0.01,1.04,4,2160,1005133.51
INFO:root:0.01,1.04,4,1800,1003808.45
INFO:root:0.01,1.03,4,2280,1003774.66
INFO:root:0.01,1.02,7,2880,1003722.58
INFO:root:0.01,1.03,7,2880,1003722.58
INFO:root:0.01,1.04,7,2880,1003722.58
INFO:root:0.01,1.02,4,2400,1003182.52
INFO:root:0.01,1.03,4,2520,1002658.82
INFO:root:0.01,1.01,4,2280,1001703.68
INFO:root:0.01,1.01,4,1440,1001249.31
INFO:root:0.01,1.03,4,2160,1000604.25
INFO:root:0.01,1.02,4,1800,1000448.99
INFO:root:0.01,1.03,3,2400,1000119.2
INFO:root:0.01,1.04,3,2400,1000119.2
INFO:root:0.01,1.01,7,2640,999508.5
INFO:root:0.01,1.02,4,2520,999446.11
INFO:root:0.01,1.02,4,2160,998751.05
INFO:root:0.01,1.03,4,1800,998327.95
INFO:root:0.01,1.01,4,1800,997832.88
INFO:root:0.01,1.02,4,2640,997632.28
INFO:root:0.01,1.01,4,2040,997622.45
INFO:root:0.01,1.03,4,2640,995422.11
INFO:root:0.01,1.01,6,2880,995107
INFO:root:0.01,1.02,3,2400,995079
INFO:root:0.01,1.04,4,2640,994688.63
INFO:root:0.01,1.01,4,2760,991126.16
INFO:root:0.01,1.01,4,1680,990885.38
INFO:root:0.01,1.03,3,1560,985745.46
INFO:root:0.01,1.03,4,1920,982248.99
INFO:root:0.01,1.04,4,1920,982248.99
INFO:root:0.01,1.04,3,1560,980011.73
INFO:root:0.01,1.01,3,2400,979210.56
INFO:root:0.01,1.02,3,1560,974916.53
INFO:root:0.01,1.01,4,2880,974593.99
INFO:root:0.01,1.02,4,1920,973048.86
INFO:root:0.01,1.02,4,2760,972327.22
INFO:root:0.01,1.03,4,2760,968070.36
INFO:root:0.01,1.04,4,2760,967460.98
INFO:root:0.01,1.03,3,2760,966007.45
INFO:root:0.01,1.04,3,2760,966007.45
INFO:root:0.01,1.03,3,1440,963803.29
INFO:root:0.01,1.04,3,1440,963803.29
INFO:root:0.01,1.01,3,2760,963702.86
INFO:root:0.01,1.01,4,1920,963472.9
INFO:root:0.01,1.02,3,2760,962056.04
INFO:root:0.01,1.01,4,2160,959197.76
INFO:root:0.01,1.01,3,2640,957130.9
INFO:root:0.01,1.03,3,2520,956973.24
INFO:root:0.01,1.04,3,2520,956973.24
INFO:root:0.01,1.03,3,2640,956047.49
INFO:root:0.01,1.04,3,2640,956047.49
INFO:root:0.01,1.02,3,2520,955423.11
INFO:root:0.01,1.02,3,1440,954794.94
INFO:root:0.01,1.02,3,2640,953841.02
INFO:root:0.01,1.02,4,2880,949483.94
INFO:root:0.01,1.04,4,2880,948636
INFO:root:0.01,1.03,4,2880,944318.17
INFO:root:0.01,1.01,3,2520,939808.05
INFO:root:0.01,1.03,3,2880,920108.08
INFO:root:0.01,1.01,3,2880,919524.52
INFO:root:0.01,1.01,3,1560,915999.01
INFO:root:0.01,1.02,3,2880,915799.94
INFO:root:0.01,1.04,3,2880,914642.2
INFO:root:0.01,1.01,3,1440,886876.39
