INFO:root:0.05,1.03,3,1800,3034649.9
INFO:root:0.05,1.02,3,1680,3011082.6
INFO:root:0.05,1.02,3,1440,2990529.67
INFO:root:0.05,1.03,3,1440,2975380.16
INFO:root:0.05,1.02,3,1560,2936240.47
INFO:root:0.05,1.04,3,1800,2934684.17
INFO:root:0.05,1.03,3,1680,2892075.22
INFO:root:0.05,1.04,3,1680,2888718.05
INFO:root:0.05,1.04,3,1440,2868542.26
INFO:root:0.05,1.03,3,1560,2821765.85
INFO:root:0.05,1.04,3,1560,2797988.66
INFO:root:0.05,1.02,3,1800,2781842.06
INFO:root:0.05,1.04,3,1920,2770265.64
INFO:root:0.04,1.03,3,1440,2743775.15
INFO:root:0.04,1.04,3,1440,2730520.57
INFO:root:0.05,1.03,3,2160,2709520.75
INFO:root:0.04,1.04,3,1800,2689545.26
INFO:root:0.04,1.03,3,1800,2684026.3
INFO:root:0.05,1.03,3,1920,2680015.28
INFO:root:0.05,1.01,3,1560,2669945.7
INFO:root:0.05,1.03,3,2040,2666074.63
INFO:root:0.04,1.02,3,1440,2650598.47
INFO:root:0.05,1.03,3,2280,2641829.53
INFO:root:0.05,1.04,3,2160,2632771.48
INFO:root:0.05,1.02,3,1920,2621397.87
INFO:root:0.05,1.02,3,2040,2616909.78
INFO:root:0.04,1.04,3,1560,2590547.6
INFO:root:0.05,1.04,3,2280,2587544.48
INFO:root:0.05,1.04,3,2040,2575354.8
INFO:root:0.04,1.02,3,1560,2570476.44
INFO:root:0.04,1.02,3,1680,2563354.37
INFO:root:0.05,1.02,3,2280,2561050.86
INFO:root:0.04,1.03,3,1560,2557077.97
INFO:root:0.05,1.01,3,2160,2556285.29
INFO:root:0.05,1.03,3,2400,2552981.53
INFO:root:0.05,1.01,3,1440,2540712.56
INFO:root:0.05,1.01,3,1680,2532388.82
INFO:root:0.04,1.04,3,1680,2519981.04
INFO:root:0.04,1.03,3,1680,2507753.44
INFO:root:0.05,1.03,3,2520,2503252.12
INFO:root:0.05,1.01,3,1800,2483282.83
INFO:root:0.05,1.02,3,2160,2469510
INFO:root:0.04,1.02,3,1800,2464201.59
INFO:root:0.04,1.04,3,1920,2445032.27
INFO:root:0.05,1.04,3,2400,2442020.14
INFO:root:0.05,1.03,4,1560,2441330.75
INFO:root:0.05,1.02,3,2400,2436672.4
INFO:root:0.05,1.04,4,1560,2432742.12
INFO:root:0.05,1.02,3,2640,2426035.39
INFO:root:0.05,1.03,3,2760,2414005.56
INFO:root:0.05,1.02,4,1800,2394400.51
INFO:root:0.05,1.04,3,2760,2390658.44
INFO:root:0.05,1.03,4,1800,2385808.11
INFO:root:0.05,1.03,3,2640,2383417.86
INFO:root:0.05,1.03,4,1440,2381845.69
INFO:root:0.05,1.04,3,2520,2380134.12
INFO:root:0.04,1.03,3,1920,2377302.86
INFO:root:0.03,1.03,3,1440,2371681.53
INFO:root:0.05,1.03,3,2880,2369481.39
INFO:root:0.05,1.04,4,1800,2362742.78
INFO:root:0.05,1.02,3,2760,2349243.16
INFO:root:0.05,1.02,3,2520,2346635.82
INFO:root:0.03,1.04,3,1440,2339982.52
INFO:root:0.05,1.02,4,1560,2333450.27
INFO:root:0.05,1.04,3,2640,2331142.14
INFO:root:0.05,1.02,4,1440,2330507.68
INFO:root:0.03,1.04,3,1800,2327424.29
INFO:root:0.05,1.01,3,1920,2326675.63
INFO:root:0.05,1.02,3,2880,2325134.07
INFO:root:0.04,1.04,3,2160,2324126.39
INFO:root:0.04,1.03,3,2160,2316589.92
INFO:root:0.05,1.04,4,1440,2300423.76
INFO:root:0.05,1.03,4,1680,2300201.73
INFO:root:0.04,1.03,3,2040,2291018.26
INFO:root:0.05,1.01,3,2280,2288646.6
INFO:root:0.04,1.04,3,2040,2282448.73
INFO:root:0.04,1.04,3,2280,2273728.42
INFO:root:0.05,1.04,4,1680,2269135.55
INFO:root:0.03,1.03,3,1800,2266430.49
INFO:root:0.04,1.03,3,2280,2259065.55
INFO:root:0.05,1.04,3,2880,2257273.89
INFO:root:0.05,1.01,3,2040,2255847.73
INFO:root:0.04,1.02,3,1920,2246337.94
INFO:root:0.03,1.03,3,1560,2242179.04
INFO:root:0.03,1.04,3,1560,2237852.29
INFO:root:0.05,1.01,3,2400,2230578.46
INFO:root:0.04,1.01,3,1680,2217697.97
INFO:root:0.04,1.01,3,1440,2200164.61
INFO:root:0.04,1.01,3,1560,2197812.5
INFO:root:0.04,1.03,3,2400,2197782.04
INFO:root:0.05,1.02,4,1680,2186600.17
INFO:root:0.03,1.02,3,1440,2175598.93
INFO:root:0.04,1.01,3,2160,2164601.59
INFO:root:0.03,1.02,3,1560,2161275.72
INFO:root:0.04,1.02,3,2160,2150135.64
INFO:root:0.05,1.01,3,2760,2136411.29
INFO:root:0.05,1.03,4,1920,2128940.28
INFO:root:0.04,1.04,3,2400,2124526.97
INFO:root:0.04,1.04,3,2760,2120260.75
INFO:root:0.04,1.03,3,2760,2115574.23
INFO:root:0.05,1.01,3,2640,2113641.18
INFO:root:0.04,1.02,3,2040,2112798.32
INFO:root:0.05,1.03,4,2880,2111257.31
INFO:root:0.04,1.02,3,2280,2110769.67
INFO:root:0.04,1.01,3,1800,2109820.15
INFO:root:0.03,1.03,3,1680,2109055.95
INFO:root:0.04,1.03,3,2520,2102421.96
INFO:root:0.03,1.02,3,1680,2100799.23
INFO:root:0.05,1.04,4,1920,2096683.93
INFO:root:0.04,1.03,3,2880,2086325.57
INFO:root:0.03,1.04,3,1680,2082836.85
INFO:root:0.03,1.03,3,1920,2077935.21
INFO:root:0.03,1.02,3,1800,2072302.9
INFO:root:0.05,1.03,4,2760,2069745.26
INFO:root:0.05,1.04,4,2880,2060829.21
INFO:root:0.03,1.04,3,1920,2053853.27
INFO:root:0.05,1.03,5,1440,2040138.87
INFO:root:0.05,1.02,4,2760,2038516.52
INFO:root:0.04,1.02,3,2760,2024526.88
INFO:root:0.04,1.03,3,2640,2023217.41
INFO:root:0.04,1.02,3,2640,2016658.14
INFO:root:0.05,1.04,4,2040,2010670.74
INFO:root:0.04,1.03,4,1440,2010155.31
INFO:root:0.04,1.02,3,2400,2009762.2
INFO:root:0.05,1.01,3,2520,2009419.47
INFO:root:0.04,1.04,3,2880,2005168.69
INFO:root:0.05,1.04,5,1440,2005155.84
INFO:root:0.04,1.04,3,2520,2001504.58
INFO:root:0.05,1.04,4,2760,1998813.62
INFO:root:0.05,1.01,4,1440,1996089.68
INFO:root:0.05,1.02,4,1920,1991937.38
INFO:root:0.04,1.03,4,1560,1989561.45
INFO:root:0.05,1.03,5,1560,1983185.89
INFO:root:0.05,1.03,4,2040,1979313
INFO:root:0.04,1.04,3,2640,1977943.75
INFO:root:0.04,1.04,4,1560,1976471.97
INFO:root:0.05,1.01,3,2880,1974863.66
INFO:root:0.04,1.02,3,2880,1966483.34
INFO:root:0.03,1.01,3,1440,1964630.7
INFO:root:0.05,1.02,4,2040,1961986.19
INFO:root:0.03,1.01,3,1680,1960926.58
INFO:root:0.04,1.02,4,1440,1960774.88
INFO:root:0.03,1.04,3,2040,1956546.48
INFO:root:0.04,1.04,4,1440,1955625.61
INFO:root:0.04,1.03,4,1800,1952392.36
INFO:root:0.04,1.04,4,1800,1947804.98
INFO:root:0.05,1.04,5,1560,1946774.32
INFO:root:0.03,1.03,3,2040,1943227.27
INFO:root:0.04,1.01,3,1920,1942549.26
INFO:root:0.05,1.02,4,2880,1938526.56
INFO:root:0.05,1.02,5,1440,1935005.09
INFO:root:0.03,1.03,3,2160,1933928.1
INFO:root:0.04,1.02,4,1800,1931057.19
INFO:root:0.03,1.01,3,1560,1919311.86
INFO:root:0.03,1.04,3,2160,1910408.16
INFO:root:0.04,1.02,3,2520,1908561.34
INFO:root:0.04,1.01,3,2040,1899027.6
INFO:root:0.04,1.02,4,1560,1896984.86
INFO:root:0.04,1.03,4,1680,1896328.45
INFO:root:0.05,1.02,5,1560,1887327.77
INFO:root:0.04,1.04,4,1680,1887271.93
INFO:root:0.04,1.01,3,2280,1873950.54
INFO:root:0.05,1.03,4,2160,1872246.77
INFO:root:0.05,1.04,4,2160,1871854
INFO:root:0.04,1.03,4,1920,1853627.53
INFO:root:0.03,1.02,3,1920,1850397.59
INFO:root:0.05,1.04,4,2280,1843846.88
INFO:root:0.05,1.03,4,2280,1843703.52
INFO:root:0.03,1.03,3,2280,1842803.27
INFO:root:0.03,1.01,3,1800,1840543.53
INFO:root:0.04,1.04,4,1920,1837714
INFO:root:0.05,1.03,4,2640,1833215.55
INFO:root:0.05,1.02,4,2160,1825366.3
INFO:root:0.03,1.04,3,2280,1822602.69
INFO:root:0.05,1.03,4,2520,1814735.79
INFO:root:0.05,1.04,4,2400,1799068.13
INFO:root:0.05,1.02,4,2640,1793311.06
INFO:root:0.04,1.01,3,2400,1786545.22
INFO:root:0.04,1.02,4,1680,1783340.07
INFO:root:0.05,1.04,4,2520,1782729.87
INFO:root:0.05,1.04,4,2640,1778523.86
INFO:root:0.04,1.03,4,2040,1777297.09
INFO:root:0.05,1.01,4,1560,1776158.94
INFO:root:0.05,1.02,4,2520,1767071.91
INFO:root:0.03,1.03,4,1560,1763402.82
INFO:root:0.05,1.03,4,2400,1762046.42
INFO:root:0.04,1.04,4,2040,1761141.67
INFO:root:0.03,1.04,4,1560,1753770.32
INFO:root:0.04,1.02,4,2040,1753510.68
INFO:root:0.03,1.02,4,1440,1750696.52
INFO:root:0.05,1.02,4,2280,1745855.26
INFO:root:0.03,1.01,3,2160,1743696.09
INFO:root:0.04,1.02,4,1920,1740730.75
INFO:root:0.05,1.02,4,2400,1737396.77
INFO:root:0.03,1.02,3,2040,1732962.22
INFO:root:0.03,1.04,4,1680,1732783.04
INFO:root:0.03,1.02,3,2160,1729900.35
INFO:root:0.03,1.02,4,1560,1725287.76
INFO:root:0.03,1.03,4,1440,1721878.73
INFO:root:0.03,1.03,4,1680,1716063.47
INFO:root:0.03,1.02,4,1680,1713307.35
INFO:root:0.05,1.01,4,1680,1712939.96
INFO:root:0.03,1.03,3,2400,1708488.16
INFO:root:0.03,1.04,4,1440,1702789.19
INFO:root:0.03,1.03,4,1800,1701390.84
INFO:root:0.03,1.02,4,1800,1700607.58
INFO:root:0.03,1.04,4,1800,1700017.83
INFO:root:0.04,1.01,3,2760,1693102.85
INFO:root:0.05,1.03,5,1680,1690634.68
INFO:root:0.05,1.01,4,2160,1688803.5
INFO:root:0.03,1.04,3,2400,1679983.46
INFO:root:0.05,1.04,5,1680,1675535.26
INFO:root:0.03,1.03,3,2880,1664243.81
INFO:root:0.04,1.03,4,2880,1662296.36
INFO:root:0.03,1.01,3,1920,1661429.8
INFO:root:0.03,1.04,3,2760,1661044.59
INFO:root:0.05,1.03,6,1440,1660807.98
INFO:root:0.05,1.03,5,1800,1657187.74
INFO:root:0.04,1.03,4,2160,1654016.31
INFO:root:0.03,1.02,3,2640,1648544.28
INFO:root:0.03,1.02,3,2280,1644178.31
INFO:root:0.03,1.01,4,1440,1642827.4
INFO:root:0.05,1.04,6,1440,1640897.17
INFO:root:0.04,1.01,3,2640,1640495.1
INFO:root:0.03,1.04,3,2880,1635814.21
INFO:root:0.05,1.04,5,2160,1635812.25
INFO:root:0.05,1.04,5,1800,1632830.61
INFO:root:0.04,1.03,4,2760,1631721.28
INFO:root:0.03,1.03,3,2760,1629856.66
INFO:root:0.04,1.04,4,2160,1629509.22
INFO:root:0.04,1.04,4,2880,1627583.82
INFO:root:0.05,1.01,4,2280,1626734.73
INFO:root:0.03,1.02,3,2400,1621639.27
INFO:root:0.05,1.03,5,1920,1618764.53
INFO:root:0.05,1.02,5,1680,1613544.1
INFO:root:0.05,1.02,6,1440,1612666.93
INFO:root:0.03,1.03,3,2520,1612614.67
INFO:root:0.05,1.04,5,1920,1612294.75
INFO:root:0.04,1.01,4,1440,1609466.77
INFO:root:0.05,1.04,5,2280,1607916.84
INFO:root:0.03,1.02,3,2760,1605228.28
INFO:root:0.04,1.03,4,2280,1604963.61
INFO:root:0.02,1.04,3,1680,1599438.38
INFO:root:0.02,1.04,3,1560,1598977.92
INFO:root:0.04,1.04,4,2760,1595671.88
INFO:root:0.03,1.01,3,2040,1593472.21
INFO:root:0.04,1.02,4,2760,1589998.68
INFO:root:0.03,1.02,3,2880,1589928.73
INFO:root:0.03,1.01,4,1560,1589669.92
INFO:root:0.05,1.03,5,2160,1588593.98
INFO:root:0.04,1.02,4,2160,1588332.02
INFO:root:0.05,1.04,5,2040,1588072.02
INFO:root:0.05,1.01,4,2040,1587939.19
INFO:root:0.04,1.04,4,2280,1582511.06
INFO:root:0.04,1.01,3,2520,1582478.8
INFO:root:0.04,1.03,4,2640,1579454.73
INFO:root:0.03,1.04,3,2520,1569544.4
INFO:root:0.02,1.03,3,1680,1567343.53
INFO:root:0.05,1.02,5,1800,1566988.49
INFO:root:0.02,1.02,3,1680,1563572.45
INFO:root:0.03,1.03,3,2640,1563498.92
INFO:root:0.03,1.02,3,2520,1562582.36
INFO:root:0.02,1.04,3,1440,1559700.08
INFO:root:0.04,1.03,5,1440,1558109.84
INFO:root:0.02,1.02,3,1560,1557240.75
INFO:root:0.03,1.03,4,1920,1557112.51
INFO:root:0.02,1.03,3,1560,1556039.74
INFO:root:0.05,1.03,5,2280,1555858.38
INFO:root:0.03,1.04,4,1920,1555232.04
INFO:root:0.05,1.02,5,2280,1555179.41
INFO:root:0.04,1.02,5,1440,1553154.93
INFO:root:0.04,1.04,5,1440,1552675.93
INFO:root:0.05,1.04,6,2040,1552464.28
INFO:root:0.03,1.01,4,1680,1547039.14
INFO:root:0.05,1.01,5,1560,1545246.88
INFO:root:0.05,1.04,7,1440,1545022.33
INFO:root:0.04,1.04,4,2640,1543438.23
INFO:root:0.04,1.03,4,2520,1539967.04
INFO:root:0.03,1.04,3,2640,1535637.99
INFO:root:0.04,1.04,4,2400,1534429.87
INFO:root:0.02,1.04,3,1800,1533775.03
INFO:root:0.04,1.02,4,2640,1531815.29
INFO:root:0.03,1.02,4,1920,1526549.5
INFO:root:0.04,1.04,4,2520,1523446.34
INFO:root:0.04,1.03,4,2400,1520471.4
INFO:root:0.02,1.02,3,1800,1517667.85
INFO:root:0.05,1.02,5,1920,1512542.68
INFO:root:0.02,1.03,3,1800,1511863.03
INFO:root:0.04,1.02,5,1560,1509358.83
INFO:root:0.02,1.02,3,1440,1508280.12
INFO:root:0.04,1.04,5,1560,1507088.08
INFO:root:0.02,1.03,3,1440,1506728.26
INFO:root:0.04,1.03,5,1560,1504900.73
INFO:root:0.04,1.02,4,2280,1502905.4
INFO:root:0.05,1.03,6,1560,1501956.74
INFO:root:0.05,1.04,5,2400,1498881.29
INFO:root:0.05,1.03,7,1440,1496675.58
INFO:root:0.04,1.01,4,1560,1495600.25
INFO:root:0.05,1.03,5,2040,1494867.8
INFO:root:0.03,1.02,5,1440,1493362.9
INFO:root:0.03,1.03,5,1440,1493171.81
INFO:root:0.03,1.03,4,2040,1491910.65
INFO:root:0.04,1.01,3,2880,1490683.26
INFO:root:0.03,1.02,4,2040,1490679.7
INFO:root:0.05,1.02,7,1440,1490513.3
INFO:root:0.04,1.02,4,2880,1490167.05
INFO:root:0.03,1.04,5,1440,1488400.09
INFO:root:0.04,1.02,4,2520,1487196.09
INFO:root:0.03,1.04,4,2040,1485387.54
INFO:root:0.04,1.02,4,2400,1484234.03
INFO:root:0.05,1.04,6,1920,1482989.14
INFO:root:0.05,1.02,5,2160,1478245.72
INFO:root:0.05,1.03,5,2400,1476985.28
INFO:root:0.03,1.01,3,2280,1474539.71
INFO:root:0.05,1.04,6,1560,1471769.44
INFO:root:0.05,1.01,4,1800,1469489.07
INFO:root:0.05,1.01,5,1440,1469176.41
INFO:root:0.02,1.01,3,1680,1467926.04
INFO:root:0.02,1.03,4,1560,1467851.66
INFO:root:0.02,1.04,4,1560,1467851.66
INFO:root:0.05,1.02,6,1560,1467731.03
INFO:root:0.03,1.01,3,2760,1465611.4
INFO:root:0.05,1.02,5,2040,1463697.45
INFO:root:0.03,1.02,5,1560,1462138.1
INFO:root:0.02,1.02,4,1560,1461681.18
INFO:root:0.03,1.01,3,2400,1451581.14
INFO:root:0.05,1.03,6,2040,1451074.98
INFO:root:0.02,1.03,4,1440,1450310.25
INFO:root:0.02,1.04,4,1440,1449637.63
INFO:root:0.04,1.01,4,1680,1446641.59
INFO:root:0.05,1.03,6,1920,1445352.71
INFO:root:0.03,1.03,5,1560,1443285.43
INFO:root:0.02,1.02,4,1440,1442094.97
INFO:root:0.03,1.04,5,1560,1439785.01
INFO:root:0.03,1.01,3,2640,1438195.12
INFO:root:0.04,1.04,5,1680,1435539.22
INFO:root:0.05,1.01,4,1920,1432416.86
INFO:root:0.02,1.01,3,1440,1426654.67
INFO:root:0.03,1.01,4,1800,1423981.75
INFO:root:0.02,1.04,3,1920,1423876.17
INFO:root:0.02,1.02,3,1920,1419246.86
INFO:root:0.04,1.01,4,2160,1419039.28
INFO:root:0.02,1.03,3,1920,1417389.12
INFO:root:0.02,1.01,4,1560,1408967.44
INFO:root:0.04,1.02,5,1680,1405435.84
INFO:root:0.04,1.01,4,2040,1401972.76
INFO:root:0.03,1.03,4,2160,1400995.58
INFO:root:0.04,1.03,5,1680,1400623.3
INFO:root:0.02,1.01,4,1440,1395589.69
INFO:root:0.05,1.02,6,2040,1393278.78
INFO:root:0.05,1.02,6,1920,1388866.13
INFO:root:0.03,1.04,4,2160,1387945.2
INFO:root:0.04,1.04,5,1920,1387628.3
INFO:root:0.04,1.04,5,1800,1386530.07
INFO:root:0.02,1.01,3,1800,1384371.21
INFO:root:0.03,1.02,4,2160,1382462.54
INFO:root:0.05,1.04,6,2160,1379946.54
INFO:root:0.05,1.01,6,1560,1377269.82
INFO:root:0.02,1.03,4,1680,1376868.21
INFO:root:0.02,1.04,4,1680,1376692.69
INFO:root:0.05,1.01,6,1440,1374709.59
INFO:root:0.02,1.02,4,1680,1374473.43
INFO:root:0.02,1.01,3,1560,1372832.34
INFO:root:0.04,1.02,5,1920,1371651.56
INFO:root:0.03,1.01,3,2520,1369350.09
INFO:root:0.04,1.04,5,2160,1368698.88
INFO:root:0.03,1.02,4,2760,1365791.01
INFO:root:0.04,1.03,5,1920,1365346.03
INFO:root:0.05,1.01,4,2400,1364261.2
INFO:root:0.04,1.03,5,1800,1363496.45
INFO:root:0.05,1.04,5,2640,1359649.78
INFO:root:0.05,1.01,4,2520,1359553.41
INFO:root:0.03,1.04,4,2880,1358371.88
INFO:root:0.04,1.01,4,1920,1358133.38
INFO:root:0.02,1.04,3,2040,1355660.51
INFO:root:0.04,1.01,4,2280,1354413.56
INFO:root:0.05,1.04,7,1560,1353934.09
INFO:root:0.05,1.03,6,2280,1353788.83
INFO:root:0.03,1.02,5,1680,1351762.64
INFO:root:0.04,1.01,4,1800,1351379.51
INFO:root:0.05,1.02,5,2400,1351377.6
INFO:root:0.04,1.04,5,2040,1351355.5
INFO:root:0.02,1.04,3,2160,1346076.23
INFO:root:0.05,1.03,5,2640,1345646.07
INFO:root:0.02,1.03,3,2040,1345433.12
INFO:root:0.04,1.03,6,1440,1345339.91
INFO:root:0.02,1.03,4,1800,1345327.59
INFO:root:0.02,1.04,4,1800,1343993.97
INFO:root:0.05,1.02,6,2160,1343974.25
INFO:root:0.04,1.01,5,1560,1342975.34
INFO:root:0.03,1.04,4,2760,1342047.49
INFO:root:0.03,1.01,5,1560,1340240.71
INFO:root:0.04,1.02,5,1800,1339266.95
INFO:root:0.04,1.04,5,2280,1337978.15
INFO:root:0.04,1.04,6,2040,1337873.32
INFO:root:0.03,1.04,5,1680,1337830.59
INFO:root:0.04,1.02,6,1440,1336959.75
INFO:root:0.03,1.03,5,1680,1336917.22
INFO:root:0.02,1.03,3,2160,1336125.61
INFO:root:0.02,1.02,3,2160,1335622.45
INFO:root:0.03,1.01,4,1920,1335447.55
INFO:root:0.02,1.02,4,1800,1334974.89
INFO:root:0.05,1.04,7,1680,1334100.82
INFO:root:0.04,1.04,6,1440,1333290.88
INFO:root:0.02,1.04,3,2280,1332228.06
INFO:root:0.05,1.04,5,2760,1325583.11
INFO:root:0.03,1.02,4,2640,1325162.72
INFO:root:0.04,1.03,5,2160,1324152.29
INFO:root:0.03,1.03,4,2880,1323878.45
INFO:root:0.02,1.02,3,2040,1319330.88
INFO:root:0.03,1.03,4,2760,1318360.42
INFO:root:0.05,1.02,6,2280,1317030.49
INFO:root:0.02,1.03,3,2280,1316001.78
INFO:root:0.05,1.03,7,1560,1314019.13
INFO:root:0.05,1.04,6,2280,1313695.52
INFO:root:0.04,1.02,5,2040,1311116.4
INFO:root:0.05,1.02,5,2520,1310440.74
INFO:root:0.04,1.02,5,2160,1309839.28
INFO:root:0.05,1.03,5,2520,1309128.39
INFO:root:0.03,1.01,4,2040,1308800.58
INFO:root:0.04,1.02,5,2280,1307904.87
INFO:root:0.05,1.04,5,2520,1306581.46
INFO:root:0.05,1.02,7,1560,1303289.85
INFO:root:0.05,1.03,6,2160,1302948.47
INFO:root:0.05,1.03,6,1680,1301180.77
INFO:root:0.02,1.01,4,1680,1301004.92
INFO:root:0.04,1.04,5,2400,1300009.37
INFO:root:0.03,1.02,4,2280,1299940.72
INFO:root:0.05,1.03,5,2760,1299873.36
INFO:root:0.04,1.01,5,1440,1299831.92
INFO:root:0.05,1.02,6,1800,1298719.19
INFO:root:0.03,1.02,4,2520,1298716.83
INFO:root:0.05,1.03,7,1680,1295485.04
INFO:root:0.05,1.03,7,1800,1295352.37
INFO:root:0.03,1.01,5,1440,1294708.81
INFO:root:0.04,1.03,5,2040,1294411.56
INFO:root:0.05,1.02,6,1680,1293301.76
INFO:root:0.02,1.01,3,2160,1292288.79
INFO:root:0.03,1.03,4,2640,1292140.25
INFO:root:0.02,1.02,3,2280,1291501
INFO:root:0.03,1.04,4,2640,1291077.32
INFO:root:0.04,1.03,6,1920,1290259.76
INFO:root:0.04,1.03,5,2280,1289144.21
INFO:root:0.05,1.04,5,2880,1288860.79
INFO:root:0.05,1.04,6,1800,1288764.52
INFO:root:0.04,1.03,6,2040,1286101.94
INFO:root:0.03,1.03,5,1800,1285729.44
INFO:root:0.04,1.02,7,1440,1284177.34
INFO:root:0.03,1.02,4,2400,1283158.12
INFO:root:0.03,1.03,4,2280,1282325.4
INFO:root:0.04,1.01,5,1800,1282248.89
INFO:root:0.04,1.03,7,1440,1282177.79
INFO:root:0.04,1.04,7,1440,1282177.79
INFO:root:0.04,1.04,6,1920,1282067.58
INFO:root:0.05,1.04,7,1800,1279801.08
INFO:root:0.03,1.02,5,1920,1279726.65
INFO:root:0.04,1.03,6,1560,1279408.88
INFO:root:0.03,1.01,4,2160,1278694.54
INFO:root:0.03,1.04,5,1800,1278358.11
INFO:root:0.05,1.04,6,2400,1275912.81
INFO:root:0.05,1.01,5,1800,1275474.02
INFO:root:0.05,1.04,6,1680,1273937.14
INFO:root:0.03,1.03,4,2520,1273850.25
INFO:root:0.05,1.01,4,2880,1272580.06
INFO:root:0.02,1.02,3,2400,1271846.02
INFO:root:0.05,1.03,5,2880,1270749.45
INFO:root:0.04,1.02,6,1560,1270057.16
INFO:root:0.04,1.04,6,1560,1268778.75
INFO:root:0.04,1.01,5,1920,1268435.16
INFO:root:0.03,1.01,5,1800,1267923.52
INFO:root:0.02,1.01,3,1920,1267416.66
INFO:root:0.03,1.03,5,1920,1267237.82
INFO:root:0.02,1.04,3,2760,1267035.72
INFO:root:0.03,1.02,5,1800,1266745.32
INFO:root:0.03,1.04,4,2520,1265008.65
INFO:root:0.03,1.04,4,2280,1264532.35
INFO:root:0.05,1.01,5,1920,1264331.29
INFO:root:0.03,1.01,3,2880,1263401.08
INFO:root:0.05,1.04,6,2520,1262413.28
INFO:root:0.04,1.03,5,2400,1261474.76
INFO:root:0.05,1.02,5,2880,1261318.01
INFO:root:0.03,1.04,5,1920,1261166.76
INFO:root:0.05,1.03,6,1800,1260567.7
INFO:root:0.05,1.03,6,2400,1256831.78
INFO:root:0.02,1.03,3,2400,1256585.77
INFO:root:0.03,1.02,4,2880,1256482.35
INFO:root:0.02,1.02,3,2760,1255380.76
INFO:root:0.02,1.03,3,2760,1255380.68
INFO:root:0.02,1.04,3,2400,1254346.12
INFO:root:0.02,1.03,5,1440,1254166.11
INFO:root:0.02,1.04,5,1440,1254166.11
INFO:root:0.02,1.02,5,1440,1253431.21
INFO:root:0.03,1.03,4,2400,1253158.45
INFO:root:0.03,1.01,5,1920,1250170.57
INFO:root:0.02,1.03,4,1920,1246971.76
INFO:root:0.04,1.04,6,2160,1245728.27
INFO:root:0.02,1.04,4,1920,1244782.61
INFO:root:0.05,1.02,5,2640,1244166.72
INFO:root:0.04,1.02,5,2400,1243660.65
INFO:root:0.02,1.01,5,1440,1243098.36
INFO:root:0.05,1.03,6,2520,1242376.82
INFO:root:0.02,1.03,4,2040,1241418.62
INFO:root:0.03,1.04,4,2400,1241342.4
INFO:root:0.04,1.04,5,2640,1240691.44
INFO:root:0.05,1.01,4,2640,1239436.66
INFO:root:0.02,1.02,4,1920,1238989.2
INFO:root:0.02,1.04,4,2040,1238439.96
INFO:root:0.05,1.01,4,2760,1238023.33
INFO:root:0.05,1.04,6,2760,1237538.53
INFO:root:0.05,1.04,6,2880,1235753.67
INFO:root:0.04,1.02,6,2160,1235031.05
INFO:root:0.03,1.03,6,1440,1234646.69
INFO:root:0.03,1.04,6,1440,1234646.69
INFO:root:0.02,1.04,3,2880,1231737.49
INFO:root:0.02,1.02,4,2040,1231203.57
INFO:root:0.04,1.01,4,2400,1230085.34
INFO:root:0.04,1.01,6,1560,1229753.17
INFO:root:0.04,1.01,6,1440,1228430.59
INFO:root:0.02,1.02,3,2520,1227123.83
INFO:root:0.05,1.01,5,2160,1226872.9
INFO:root:0.05,1.04,6,2640,1225195.64
INFO:root:0.02,1.01,4,1800,1224577.19
INFO:root:0.04,1.02,6,1920,1223958.48
INFO:root:0.04,1.02,6,2040,1220058.61
INFO:root:0.02,1.01,3,2040,1219663.24
INFO:root:0.02,1.03,5,1560,1218600.89
INFO:root:0.02,1.04,5,1560,1218600.89
INFO:root:0.05,1.02,5,2760,1217685.4
INFO:root:0.04,1.03,5,2640,1217432.41
INFO:root:0.04,1.04,5,2760,1217025.09
INFO:root:0.02,1.03,3,2880,1216969.13
INFO:root:0.04,1.02,7,1560,1216946.04
INFO:root:0.02,1.02,5,1560,1216741.41
INFO:root:0.04,1.02,5,2520,1216170.44
INFO:root:0.05,1.02,6,2400,1215469.48
INFO:root:0.03,1.02,5,2040,1213274.42
INFO:root:0.05,1.01,5,2040,1212349.18
INFO:root:0.04,1.01,4,2520,1211836.27
INFO:root:0.04,1.03,7,1560,1210948.67
INFO:root:0.04,1.04,7,1560,1210948.67
INFO:root:0.04,1.03,6,2280,1210472.73
INFO:root:0.04,1.02,6,2280,1210309.41
INFO:root:0.04,1.02,6,1680,1209216.36
INFO:root:0.02,1.02,3,2880,1208379.7
INFO:root:0.04,1.03,6,2160,1208015.96
INFO:root:0.03,1.02,6,1440,1204831.86
INFO:root:0.05,1.03,6,2760,1204727.19
INFO:root:0.03,1.04,6,1560,1204308.44
INFO:root:0.02,1.04,3,2520,1204120.08
INFO:root:0.03,1.03,6,1560,1203901.34
INFO:root:0.02,1.03,3,2520,1203331.05
INFO:root:0.05,1.03,6,2880,1203033.92
INFO:root:0.04,1.02,6,1800,1202620.09
INFO:root:0.04,1.04,5,2520,1202610.82
INFO:root:0.03,1.03,5,2160,1201897.05
INFO:root:0.01,1.01,4,1560,1201046.75
INFO:root:0.01,1.02,4,1560,1198950.61
INFO:root:0.01,1.03,4,1560,1198950.61
INFO:root:0.01,1.04,4,1560,1198950.61
INFO:root:0.04,1.01,5,2160,1198756.6
INFO:root:0.02,1.02,3,2640,1198227.4
INFO:root:0.02,1.01,5,1560,1197056.98
INFO:root:0.05,1.01,7,1560,1196659.2
INFO:root:0.03,1.04,5,2160,1196396.11
INFO:root:0.03,1.02,5,2160,1195576.93
INFO:root:0.03,1.03,7,1440,1195406.46
INFO:root:0.03,1.04,7,1440,1195406.46
INFO:root:0.04,1.03,6,1680,1194801.17
INFO:root:0.05,1.03,6,2640,1194001.43
INFO:root:0.04,1.03,6,2400,1193450.75
INFO:root:0.02,1.04,3,2640,1193319.74
INFO:root:0.04,1.04,6,2280,1192813.7
INFO:root:0.03,1.03,5,2040,1192135.71
INFO:root:0.04,1.03,6,1800,1191815.68
INFO:root:0.02,1.03,3,2640,1189271.09
INFO:root:0.04,1.01,5,2040,1187554.73
INFO:root:0.05,1.01,6,1680,1187271.65
INFO:root:0.03,1.01,4,2280,1187080.17
INFO:root:0.04,1.02,6,2400,1186859.53
INFO:root:0.03,1.04,5,2040,1186494.76
INFO:root:0.04,1.04,6,1680,1184999.48
INFO:root:0.04,1.03,5,2520,1184830.49
INFO:root:0.04,1.04,6,2400,1184674.7
INFO:root:0.05,1.01,7,1680,1184617.59
INFO:root:0.04,1.04,6,1800,1184566.22
INFO:root:0.05,1.01,6,1800,1183563.4
INFO:root:0.04,1.03,5,2760,1182926.86
INFO:root:0.04,1.03,6,2520,1180339.92
INFO:root:0.03,1.02,6,1560,1175944
INFO:root:0.04,1.03,7,1680,1173861.44
INFO:root:0.04,1.04,7,1680,1173861.44
INFO:root:0.05,1.03,7,2040,1173075.99
INFO:root:0.05,1.01,7,1440,1172578.71
INFO:root:0.04,1.03,7,1800,1172496.08
INFO:root:0.04,1.04,6,2520,1172244.81
INFO:root:0.05,1.03,7,2160,1169792.03
INFO:root:0.03,1.02,7,1440,1169418.21
INFO:root:0.05,1.01,6,2040,1169349.63
INFO:root:0.03,1.03,5,2280,1169101.85
INFO:root:0.03,1.01,6,1560,1168641.71
INFO:root:0.03,1.02,5,2280,1168289.16
INFO:root:0.04,1.04,7,1800,1168244.46
INFO:root:0.03,1.01,6,1440,1166878.27
INFO:root:0.03,1.04,6,2040,1166485.23
INFO:root:0.02,1.01,3,2760,1166374.2
INFO:root:0.03,1.04,5,2280,1163806.38
INFO:root:0.05,1.01,6,1920,1163252.45
INFO:root:0.02,1.03,5,1680,1162447.23
INFO:root:0.02,1.04,5,1680,1162447.23
INFO:root:0.05,1.04,7,2040,1158948.21
INFO:root:0.02,1.03,6,1440,1157901.04
INFO:root:0.02,1.04,6,1440,1157901.04
INFO:root:0.02,1.02,5,1680,1157465.41
INFO:root:0.03,1.04,6,1920,1157111.23
INFO:root:0.02,1.03,4,2160,1156894.9
INFO:root:0.02,1.02,6,1440,1156752.93
INFO:root:0.05,1.04,7,2160,1156053.36
INFO:root:0.05,1.02,6,2640,1153615.59
INFO:root:0.01,1.01,4,1440,1153299.85
INFO:root:0.01,1.02,4,1440,1152491.75
INFO:root:0.01,1.03,4,1440,1152491.75
INFO:root:0.01,1.04,4,1440,1152346.81
INFO:root:0.05,1.01,5,1680,1152064.77
INFO:root:0.05,1.03,7,1920,1152023.56
INFO:root:0.03,1.03,6,1920,1151775.16
INFO:root:0.02,1.01,4,1920,1150752.49
INFO:root:0.03,1.01,5,2160,1150430.21
INFO:root:0.05,1.02,7,1680,1149237.06
INFO:root:0.05,1.04,7,2280,1149182.28
INFO:root:0.05,1.02,7,1800,1148175.92
INFO:root:0.05,1.04,7,1920,1148149.81
INFO:root:0.04,1.01,5,1680,1145853.17
INFO:root:0.04,1.02,5,2640,1145719.61
INFO:root:0.02,1.04,4,2160,1145104.67
INFO:root:0.03,1.01,4,2400,1143725.29
INFO:root:0.02,1.01,5,1800,1142064.16
INFO:root:0.03,1.03,5,2400,1141599.82
INFO:root:0.04,1.04,5,2880,1140406.64
INFO:root:0.05,1.02,6,2760,1139330.47
INFO:root:0.03,1.01,5,2040,1139325.74
INFO:root:0.05,1.03,7,2280,1138143.11
INFO:root:0.04,1.01,6,1680,1136968.3
INFO:root:0.03,1.03,6,2040,1136799.89
INFO:root:0.04,1.04,6,2760,1135711.73
INFO:root:0.02,1.02,4,2160,1134238.09
INFO:root:0.03,1.04,5,2400,1134191.72
INFO:root:0.04,1.04,6,2880,1133754.28
INFO:root:0.02,1.03,6,1560,1133675.72
INFO:root:0.02,1.04,6,1560,1133675.72
INFO:root:0.02,1.02,6,1560,1133643.03
INFO:root:0.04,1.04,6,2640,1130926.05
INFO:root:0.02,1.03,7,1440,1130649.72
INFO:root:0.02,1.04,7,1440,1130649.72
INFO:root:0.04,1.01,4,2880,1130086.47
INFO:root:0.02,1.01,5,1680,1128049.07
INFO:root:0.01,1.03,5,1440,1126372.49
INFO:root:0.01,1.04,5,1440,1126372.49
INFO:root:0.04,1.03,7,2040,1125688.8
INFO:root:0.03,1.02,5,2400,1125666.17
INFO:root:0.05,1.03,7,2760,1124866.75
INFO:root:0.05,1.02,6,2520,1124518.35
INFO:root:0.05,1.03,7,2640,1124477.24
INFO:root:0.05,1.03,7,2880,1123622.75
INFO:root:0.05,1.04,7,2640,1123389.6
INFO:root:0.04,1.03,6,2760,1123164.91
INFO:root:0.04,1.03,7,2160,1123114.05
INFO:root:0.04,1.03,6,2880,1122560.49
INFO:root:0.02,1.01,5,1920,1122428.87
INFO:root:0.02,1.02,5,1920,1121941.07
INFO:root:0.01,1.02,5,1440,1121492.53
INFO:root:0.04,1.02,5,2880,1121447.26
INFO:root:0.02,1.01,3,2400,1121034.96
INFO:root:0.03,1.01,5,1680,1120433.17
INFO:root:0.04,1.03,6,2640,1119729.72
INFO:root:0.04,1.04,7,2040,1119173.45
INFO:root:0.04,1.01,5,2400,1119103.38
INFO:root:0.02,1.03,5,1920,1118061.18
INFO:root:0.03,1.03,6,1680,1117986.35
INFO:root:0.02,1.02,7,1440,1116752.21
INFO:root:0.02,1.01,3,2880,1116738.26
INFO:root:0.04,1.04,7,2160,1115949.39
INFO:root:0.03,1.04,6,1680,1115889.93
INFO:root:0.04,1.03,7,2280,1115832.42
INFO:root:0.04,1.02,5,2760,1115416.96
INFO:root:0.04,1.04,7,1920,1115356.25
INFO:root:0.02,1.01,3,2280,1115237.03
INFO:root:0.04,1.01,4,2640,1115018.17
INFO:root:0.04,1.02,6,2760,1114074
INFO:root:0.03,1.03,7,1560,1113890.96
INFO:root:0.03,1.04,7,1560,1113890.96
INFO:root:0.05,1.04,7,2400,1113502.39
INFO:root:0.03,1.01,4,2520,1112831.75
INFO:root:0.03,1.02,6,1680,1112739.81
INFO:root:0.04,1.02,6,2640,1111866.18
INFO:root:0.02,1.01,6,1440,1111356.64
INFO:root:0.02,1.04,5,1920,1111338.67
INFO:root:0.01,1.01,4,1680,1111254.87
INFO:root:0.03,1.01,7,1440,1111248.71
INFO:root:0.04,1.01,7,1440,1110867.31
INFO:root:0.01,1.01,5,1440,1110442.88
INFO:root:0.03,1.04,6,2160,1110323.28
INFO:root:0.02,1.01,4,2160,1110215.06
INFO:root:0.02,1.01,6,1560,1110063.18
INFO:root:0.04,1.04,7,2280,1109882.66
INFO:root:0.05,1.01,5,2880,1109733.11
INFO:root:0.01,1.02,5,1560,1109592.57
INFO:root:0.01,1.03,5,1560,1109592.57
INFO:root:0.01,1.04,5,1560,1109592.57
INFO:root:0.04,1.03,5,2880,1109583.97
INFO:root:0.03,1.03,5,2640,1109390.11
INFO:root:0.01,1.02,4,1680,1108692.25
INFO:root:0.01,1.03,4,1680,1108692.25
INFO:root:0.02,1.02,5,1800,1108670.75
INFO:root:0.04,1.01,5,2280,1108539.23
INFO:root:0.01,1.04,4,1680,1108454.81
INFO:root:0.01,1.02,4,1800,1106706.65
INFO:root:0.01,1.03,4,1800,1106706.65
INFO:root:0.01,1.04,4,1800,1105648.54
INFO:root:0.04,1.01,4,2760,1105489.04
INFO:root:0.04,1.03,7,1920,1105462.67
INFO:root:0.02,1.03,5,1800,1105150.29
INFO:root:0.05,1.04,7,2520,1104729.74
INFO:root:0.05,1.03,7,2520,1102104.5
INFO:root:0.03,1.04,5,2640,1102075.89
INFO:root:0.03,1.02,7,1560,1099303.4
INFO:root:0.02,1.04,5,1800,1098534.51
INFO:root:0.05,1.04,7,2760,1097846.46
INFO:root:0.02,1.01,3,2640,1097219.53
INFO:root:0.03,1.03,6,1800,1097020.36
INFO:root:0.05,1.04,7,2880,1096787.85
INFO:root:0.03,1.02,6,1800,1096646.48
INFO:root:0.04,1.03,7,2760,1096231.45
INFO:root:0.01,1.01,5,1560,1096214.04
INFO:root:0.05,1.01,5,2400,1095758.25
INFO:root:0.04,1.03,7,2640,1095610.07
INFO:root:0.04,1.03,7,2880,1095430.03
INFO:root:0.05,1.01,5,2760,1095282.17
INFO:root:0.03,1.04,6,1800,1094882.63
INFO:root:0.03,1.02,6,2160,1094132.76
INFO:root:0.01,1.01,4,1800,1093357.36
INFO:root:0.02,1.03,7,1560,1092136.13
INFO:root:0.02,1.04,7,1560,1092136.13
INFO:root:0.02,1.04,4,2520,1091898.1
INFO:root:0.05,1.02,7,2040,1091811.5
INFO:root:0.05,1.02,7,2160,1091498.91
INFO:root:0.04,1.02,6,2520,1091495.42
INFO:root:0.03,1.02,5,2520,1091176.34
INFO:root:0.03,1.02,6,2400,1089940.12
INFO:root:0.02,1.02,4,2520,1089896.83
INFO:root:0.05,1.02,7,2280,1089677.07
INFO:root:0.03,1.04,5,2520,1088233.09
INFO:root:0.03,1.03,5,2520,1088111.68
INFO:root:0.02,1.01,4,2040,1087381.26
INFO:root:0.03,1.02,6,1920,1085704.84
INFO:root:0.01,1.02,5,1680,1085536.26
INFO:root:0.01,1.03,5,1680,1085536.26
INFO:root:0.01,1.04,5,1680,1085536.26
INFO:root:0.03,1.03,6,2160,1084965.81
INFO:root:0.05,1.01,5,2280,1084545.29
INFO:root:0.02,1.03,4,2520,1083982.1
INFO:root:0.02,1.02,6,1680,1083029.72
INFO:root:0.03,1.03,5,2760,1082377.78
INFO:root:0.04,1.03,7,2520,1081662.95
INFO:root:0.04,1.01,7,1560,1081464.62
INFO:root:0.02,1.04,4,2760,1081364.91
INFO:root:0.02,1.04,6,1680,1080679.29
INFO:root:0.02,1.02,4,2280,1080238.19
INFO:root:0.02,1.01,7,1560,1079570.39
INFO:root:0.04,1.04,7,2640,1078394.97
INFO:root:0.02,1.02,7,1560,1078012.12
INFO:root:0.02,1.03,4,2280,1077197.67
INFO:root:0.02,1.02,6,1800,1076908.43
INFO:root:0.04,1.04,7,2760,1076332.52
INFO:root:0.03,1.04,5,2760,1076270.59
INFO:root:0.02,1.01,5,2040,1076119.04
INFO:root:0.02,1.03,6,1680,1075925.05
INFO:root:0.03,1.04,6,2400,1075891.51
INFO:root:0.03,1.03,6,2400,1075802.1
INFO:root:0.04,1.04,7,2880,1075754.07
INFO:root:0.04,1.04,7,2400,1075573.99
INFO:root:0.03,1.01,5,2400,1075299.68
INFO:root:0.02,1.03,6,1800,1075291.77
INFO:root:0.02,1.04,6,1800,1075291.77
INFO:root:0.03,1.02,6,2040,1075182.75
INFO:root:0.02,1.02,5,2160,1074769.47
INFO:root:0.01,1.02,4,1920,1074468.81
INFO:root:0.01,1.03,4,1920,1074468.81
INFO:root:0.02,1.01,5,2160,1074010.87
INFO:root:0.01,1.04,4,1920,1072685.42
INFO:root:0.03,1.02,6,2280,1072450.86
INFO:root:0.03,1.03,7,1680,1072257.03
INFO:root:0.03,1.04,7,1680,1072257.03
INFO:root:0.01,1.02,5,1800,1071680.33
INFO:root:0.01,1.03,5,1800,1071680.33
INFO:root:0.01,1.04,5,1800,1071680.33
INFO:root:0.02,1.02,5,2040,1070531.12
INFO:root:0.01,1.03,3,1680,1070078.53
INFO:root:0.01,1.04,3,1680,1070078.53
INFO:root:0.01,1.04,3,1440,1069955.99
INFO:root:0.03,1.01,7,1560,1069064.46
INFO:root:0.02,1.02,4,2400,1067508.69
INFO:root:0.04,1.04,7,2520,1067303.84
INFO:root:0.03,1.03,7,1800,1067253.62
INFO:root:0.03,1.04,7,1800,1067253.62
INFO:root:0.01,1.01,3,1680,1066983.12
INFO:root:0.02,1.01,7,1440,1066929.11
INFO:root:0.01,1.02,3,1680,1065957.45
INFO:root:0.02,1.03,5,2160,1065917.41
INFO:root:0.03,1.01,6,1680,1065769.6
INFO:root:0.02,1.04,4,2280,1065152.49
INFO:root:0.02,1.02,4,2760,1065138.02
INFO:root:0.02,1.04,4,2640,1064790.63
INFO:root:0.01,1.01,5,1800,1064754.47
INFO:root:0.03,1.04,6,2520,1064582.8
INFO:root:0.02,1.03,5,2040,1064488.16
INFO:root:0.02,1.04,4,2880,1064415.99
INFO:root:0.03,1.03,6,2520,1064206.85
INFO:root:0.03,1.03,6,2280,1063187.88
INFO:root:0.03,1.04,6,2280,1063187.72
INFO:root:0.04,1.01,7,1680,1063153.36
INFO:root:0.02,1.01,4,2280,1063145.29
INFO:root:0.03,1.01,5,2280,1063116.34
INFO:root:0.02,1.01,3,2520,1063024.94
INFO:root:0.02,1.03,4,2400,1062877.64
INFO:root:0.01,1.01,4,1920,1062620.79
INFO:root:0.02,1.01,6,1680,1062498.72
INFO:root:0.01,1.01,5,1680,1060776.26
INFO:root:0.01,1.01,3,1800,1060232.45
INFO:root:0.02,1.04,5,2160,1059586.68
INFO:root:0.02,1.01,7,1680,1059383.76
INFO:root:0.02,1.03,4,2760,1059095.5
INFO:root:0.02,1.02,7,1680,1058949.61
INFO:root:0.02,1.03,7,1680,1058949.61
INFO:root:0.02,1.04,7,1680,1058949.61
INFO:root:0.02,1.04,5,2040,1058050.15
INFO:root:0.01,1.03,3,1440,1056772.56
INFO:root:0.04,1.02,7,2040,1056469.45
INFO:root:0.04,1.02,7,2160,1056382.91
INFO:root:0.02,1.02,4,2640,1056332.97
INFO:root:0.02,1.03,4,2640,1055777.21
INFO:root:0.04,1.02,7,2280,1054706.23
INFO:root:0.02,1.03,7,1800,1053757.52
INFO:root:0.02,1.04,7,1800,1053757.52
INFO:root:0.04,1.02,6,2880,1053623.5
INFO:root:0.02,1.01,4,2520,1052256.09
INFO:root:0.01,1.02,3,1440,1052141.44
INFO:root:0.01,1.02,5,1920,1051662.96
INFO:root:0.01,1.03,5,1920,1051662.96
INFO:root:0.01,1.04,5,1920,1051662.96
INFO:root:0.04,1.01,5,2880,1051270.05
INFO:root:0.02,1.02,7,1800,1050839.68
INFO:root:0.02,1.02,4,2880,1050034.67
INFO:root:0.02,1.04,4,2400,1049821.2
INFO:root:0.02,1.03,6,1920,1049708.15
INFO:root:0.02,1.04,6,1920,1049708.15
INFO:root:0.01,1.01,5,1920,1049582.79
INFO:root:0.02,1.01,4,2400,1049273.68
INFO:root:0.01,1.04,3,1800,1048994.29
INFO:root:0.04,1.01,5,2640,1048588.21
INFO:root:0.02,1.02,6,1920,1045860.98
INFO:root:0.01,1.01,6,1560,1044787.51
INFO:root:0.01,1.02,6,1440,1044422.48
INFO:root:0.01,1.03,6,1440,1044422.48
INFO:root:0.01,1.04,6,1440,1044422.48
INFO:root:0.01,1.01,6,1440,1044404.38
INFO:root:0.02,1.02,6,2040,1044261.99
INFO:root:0.03,1.01,7,1680,1044139.55
INFO:root:0.02,1.03,4,2880,1043657.05
INFO:root:0.02,1.03,6,2040,1043610.05
INFO:root:0.02,1.04,6,2040,1043610.05
INFO:root:0.04,1.01,5,2760,1043515.42
INFO:root:0.01,1.01,3,1440,1042036.7
INFO:root:0.02,1.01,6,1800,1041960.86
INFO:root:0.01,1.02,4,2040,1041865.25
INFO:root:0.01,1.03,4,2040,1041865.25
INFO:root:0.01,1.02,6,1560,1041862.65
INFO:root:0.01,1.03,6,1560,1041862.65
INFO:root:0.01,1.04,6,1560,1041862.65
INFO:root:0.01,1.02,7,1440,1041305.94
INFO:root:0.01,1.03,7,1440,1041305.94
INFO:root:0.01,1.04,7,1440,1041305.94
INFO:root:0.01,1.01,7,1440,1041135.54
INFO:root:0.04,1.01,6,1800,1040804.29
INFO:root:0.02,1.02,5,2280,1040152.69
INFO:root:0.05,1.03,7,2400,1039775.53
INFO:root:0.05,1.01,5,2640,1039314.69
INFO:root:0.01,1.04,4,2040,1039199.04
INFO:root:0.01,1.02,3,1800,1038171.45
INFO:root:0.01,1.02,4,2160,1038117.62
INFO:root:0.01,1.03,4,2160,1038117.62
INFO:root:0.01,1.01,7,1560,1037437.42
INFO:root:0.01,1.03,3,1800,1036575.48
INFO:root:0.01,1.02,7,1560,1036349.44
INFO:root:0.01,1.03,7,1560,1036349.44
INFO:root:0.01,1.04,7,1560,1036349.44
INFO:root:0.01,1.04,3,2400,1035760.88
INFO:root:0.01,1.04,4,2160,1034564.5
INFO:root:0.04,1.01,5,2520,1034085.96
INFO:root:0.01,1.03,3,1560,1034051.83
INFO:root:0.01,1.04,3,1560,1034051.83
INFO:root:0.01,1.04,3,2760,1033941.17
INFO:root:0.01,1.01,6,1680,1033647.15
INFO:root:0.01,1.04,3,2160,1033065.95
INFO:root:0.01,1.01,4,2040,1032021.77
INFO:root:0.02,1.03,5,2280,1031289.46
INFO:root:0.01,1.02,3,1560,1030334.77
INFO:root:0.01,1.02,6,1680,1029902.71
INFO:root:0.01,1.03,6,1680,1029902.71
INFO:root:0.01,1.04,6,1680,1029902.71
INFO:root:0.04,1.01,6,2040,1027837.77
INFO:root:0.04,1.01,7,2040,1026889.25
INFO:root:0.05,1.02,6,2880,1026832.13
INFO:root:0.04,1.01,7,2160,1026492.51
INFO:root:0.04,1.02,7,1680,1025420.83
INFO:root:0.03,1.01,4,2880,1025389.07
INFO:root:0.03,1.04,6,2640,1025241.16
INFO:root:0.02,1.04,5,2280,1025160.12
INFO:root:0.04,1.01,7,2280,1024730.43
INFO:root:0.02,1.02,6,2640,1024562.64
INFO:root:0.01,1.03,3,2400,1024557.59
INFO:root:0.04,1.02,7,1800,1024543.83
INFO:root:0.01,1.01,3,2760,1024368.6
INFO:root:0.02,1.03,6,2640,1023823.34
INFO:root:0.02,1.04,6,2640,1023823.34
INFO:root:0.03,1.04,6,2760,1022818.07
INFO:root:0.04,1.01,6,1920,1022809.2
INFO:root:0.03,1.01,6,1800,1022077.63
INFO:root:0.03,1.04,6,2880,1021428.01
INFO:root:0.01,1.01,3,1560,1020650.93
INFO:root:0.04,1.01,7,1920,1020390.87
INFO:root:0.02,1.01,6,1920,1019864.49
INFO:root:0.04,1.01,7,2640,1019633.36
INFO:root:0.03,1.02,5,2640,1019569.15
INFO:root:0.04,1.01,7,2760,1019522.7
INFO:root:0.04,1.01,7,2880,1019178.27
INFO:root:0.01,1.01,4,2160,1018816.29
INFO:root:0.04,1.01,7,1800,1018145.47
INFO:root:0.03,1.01,4,2640,1018021.06
INFO:root:0.01,1.02,7,1680,1017980.5
INFO:root:0.01,1.03,7,1680,1017980.5
INFO:root:0.01,1.04,7,1680,1017980.5
INFO:root:0.02,1.01,6,2040,1017746.56
INFO:root:0.01,1.01,7,1680,1017032.44
INFO:root:0.05,1.01,5,2520,1016832.38
INFO:root:0.01,1.04,3,2040,1015603.11
INFO:root:0.03,1.04,7,1920,1015524.85
INFO:root:0.02,1.03,6,2760,1015174.67
INFO:root:0.02,1.04,6,2760,1015174.67
INFO:root:0.02,1.02,6,2760,1015168.99
INFO:root:0.01,1.04,3,2880,1014954.12
INFO:root:0.01,1.01,3,2400,1014280.4
INFO:root:0.03,1.02,7,1680,1014129.95
INFO:root:0.02,1.03,6,2880,1013913.46
INFO:root:0.02,1.04,6,2880,1013913.46
INFO:root:0.01,1.02,7,1800,1013861.87
INFO:root:0.01,1.03,7,1800,1013861.87
INFO:root:0.01,1.04,7,1800,1013861.87
INFO:root:0.03,1.03,7,2040,1013797.84
INFO:root:0.02,1.02,6,2880,1013751.47
INFO:root:0.01,1.01,7,1800,1013664.07
INFO:root:0.01,1.02,3,2400,1013565
INFO:root:0.02,1.03,6,2400,1013272.7
INFO:root:0.02,1.04,6,2400,1013272.7
INFO:root:0.01,1.01,6,1800,1013254.29
INFO:root:0.05,1.01,7,2160,1013079.62
INFO:root:0.05,1.01,7,2640,1012961.63
INFO:root:0.05,1.01,7,2280,1012906.37
INFO:root:0.05,1.01,7,2760,1012852.01
INFO:root:0.03,1.02,6,2640,1012842.09
INFO:root:0.03,1.02,7,1800,1012654.56
INFO:root:0.05,1.01,7,2040,1012639
INFO:root:0.05,1.01,7,2880,1012508.79
INFO:root:0.01,1.02,6,1800,1012349.17
INFO:root:0.01,1.03,6,1800,1012349.17
INFO:root:0.01,1.04,6,1800,1012349.17
INFO:root:0.04,1.03,7,2400,1012332.17
INFO:root:0.01,1.01,5,2040,1012258.35
INFO:root:0.01,1.04,3,2520,1011813.8
INFO:root:0.03,1.03,7,2160,1011381.24
INFO:root:0.02,1.02,6,2400,1009540.22
INFO:root:0.03,1.01,6,2040,1009315.99
INFO:root:0.01,1.03,3,2760,1008581.1
INFO:root:0.01,1.01,7,1920,1008480.43
INFO:root:0.03,1.01,4,2760,1008255.67
INFO:root:0.01,1.01,3,2160,1008140.39
INFO:root:0.03,1.04,7,2040,1007606.49
INFO:root:0.01,1.02,5,2040,1007453.63
INFO:root:0.01,1.03,5,2040,1007453.63
INFO:root:0.01,1.04,5,2040,1007453.63
INFO:root:0.02,1.01,4,2640,1007369.57
INFO:root:0.03,1.01,7,2040,1007105.91
INFO:root:0.02,1.01,7,1800,1007018.53
INFO:root:0.01,1.02,7,1920,1006956.03
INFO:root:0.01,1.03,7,1920,1006956.03
INFO:root:0.01,1.04,7,1920,1006956.03
INFO:root:0.01,1.04,3,2640,1006834.64
INFO:root:0.03,1.01,7,2160,1006715.68
INFO:root:0.04,1.01,7,2400,1006478.83
INFO:root:0.01,1.02,7,2040,1006406.9
INFO:root:0.01,1.03,7,2040,1006406.9
INFO:root:0.01,1.04,7,2040,1006406.9
INFO:root:0.01,1.02,4,2280,1006382.59
INFO:root:0.01,1.03,4,2280,1006382.59
INFO:root:0.04,1.01,7,2520,1006343.44
INFO:root:0.05,1.01,7,1920,1006335.31
INFO:root:0.01,1.01,7,2040,1006293.65
INFO:root:0.02,1.03,6,2160,1006065.11
INFO:root:0.02,1.04,6,2160,1006065.11
INFO:root:0.02,1.02,6,2160,1005143.6
INFO:root:0.03,1.04,7,2160,1005097.39
INFO:root:0.03,1.01,7,2280,1004990.41
INFO:root:0.02,1.03,6,2520,1004908.53
INFO:root:0.02,1.04,6,2520,1004908.53
INFO:root:0.05,1.01,7,1800,1004896.96
INFO:root:0.02,1.01,7,1920,1004520.11
INFO:root:0.03,1.01,6,1920,1004310.57
INFO:root:0.01,1.01,5,2160,1003063.02
INFO:root:0.03,1.02,6,2760,1002813.1
INFO:root:0.01,1.03,3,2160,1002336.55
INFO:root:0.02,1.02,7,2040,1002104.07
INFO:root:0.02,1.03,7,2040,1002030.6
INFO:root:0.02,1.04,7,2040,1002030.6
INFO:root:0.03,1.03,6,2640,1001886.13
INFO:root:0.02,1.01,7,2040,1001453.95
INFO:root:0.01,1.04,4,2280,1001200.53
INFO:root:0.01,1.01,6,2640,1000870
INFO:root:0.03,1.01,7,1920,1000678.13
INFO:root:0.01,1.02,6,2640,1000574.77
INFO:root:0.01,1.03,6,2640,1000574.77
INFO:root:0.01,1.04,6,2640,1000574.77
INFO:root:0.01,1.02,3,2760,1000325.03
INFO:root:0.02,1.02,6,2520,1000185.15
INFO:root:0.02,1.01,5,2640,1000100.8
INFO:root:0.05,1.01,7,2400,999869.07
INFO:root:0.05,1.01,7,2520,999735.14
INFO:root:0.03,1.04,7,2280,999444.33
INFO:root:0.01,1.01,6,2760,999170.83
INFO:root:0.01,1.02,6,2760,999075.09
INFO:root:0.01,1.03,6,2760,999075.09
INFO:root:0.01,1.04,6,2760,999075.09
INFO:root:0.03,1.03,6,2760,998991.96
INFO:root:0.02,1.01,4,2760,998845.24
INFO:root:0.01,1.02,7,2160,998832.34
INFO:root:0.01,1.03,7,2160,998832.34
INFO:root:0.01,1.04,7,2160,998832.34
INFO:root:0.01,1.02,6,2880,998786.45
INFO:root:0.01,1.03,6,2880,998786.45
INFO:root:0.01,1.04,6,2880,998786.45
INFO:root:0.01,1.01,7,2160,998710.66
INFO:root:0.03,1.02,7,2040,998506.09
INFO:root:0.03,1.01,7,1800,998492.67
INFO:root:0.03,1.02,7,2160,998473.13
INFO:root:0.03,1.01,7,2640,998242.58
INFO:root:0.03,1.03,6,2880,998241.35
INFO:root:0.02,1.02,7,1920,998177.23
INFO:root:0.03,1.01,7,2760,998134.72
INFO:root:0.03,1.03,7,2280,997972.28
INFO:root:0.03,1.01,5,2640,997868.63
INFO:root:0.03,1.01,7,2880,997805.27
INFO:root:0.01,1.01,6,2880,997599.34
INFO:root:0.03,1.02,7,2280,996956.95
INFO:root:0.02,1.04,7,1920,996285.29
INFO:root:0.03,1.02,6,2520,996192.71
INFO:root:0.01,1.03,3,2640,996173.06
INFO:root:0.03,1.03,7,1920,995405.69
INFO:root:0.03,1.01,5,2880,995115.09
INFO:root:0.02,1.02,5,2400,994984.77
INFO:root:0.02,1.01,5,2400,994667.97
INFO:root:0.01,1.01,3,2640,994412.26
INFO:root:0.02,1.02,7,2160,994131.52
INFO:root:0.02,1.03,7,2160,994067.93
INFO:root:0.02,1.04,7,2160,994067.93
INFO:root:0.01,1.02,3,2160,994033.99
INFO:root:0.01,1.01,6,2400,993982.6
INFO:root:0.01,1.02,6,2160,993841.86
INFO:root:0.01,1.03,6,2160,993841.86
INFO:root:0.01,1.04,6,2160,993841.86
INFO:root:0.04,1.01,6,2760,993787.24
INFO:root:0.04,1.01,6,2880,993680.69
INFO:root:0.03,1.01,5,2760,993648.62
INFO:root:0.01,1.01,3,2880,993622.24
INFO:root:0.01,1.03,5,2160,993374.99
INFO:root:0.01,1.04,5,2160,993374.99
INFO:root:0.01,1.02,4,2520,993292.65
INFO:root:0.03,1.03,5,2880,993179.94
INFO:root:0.02,1.01,7,2160,993066.33
INFO:root:0.01,1.01,6,1920,992757.32
INFO:root:0.01,1.03,3,2520,992635.18
INFO:root:0.01,1.02,6,2400,992614.79
INFO:root:0.01,1.03,6,2400,992614.79
INFO:root:0.01,1.04,6,2400,992614.79
INFO:root:0.01,1.01,4,2520,992274.97
INFO:root:0.01,1.02,3,2040,992183.88
INFO:root:0.01,1.01,6,2160,991835.31
INFO:root:0.02,1.03,7,1920,991650.8
INFO:root:0.01,1.02,6,1920,991436.15
INFO:root:0.01,1.03,6,1920,991436.15
INFO:root:0.01,1.04,6,1920,991436.15
INFO:root:0.03,1.02,6,2880,991309.47
INFO:root:0.01,1.01,3,2520,991287.83
INFO:root:0.01,1.03,4,2520,991224.49
INFO:root:0.03,1.02,5,2760,990899.93
INFO:root:0.01,1.01,7,2280,990816.42
INFO:root:0.01,1.02,6,2520,990539.07
INFO:root:0.01,1.03,6,2520,990539.07
INFO:root:0.01,1.04,6,2520,990539.07
INFO:root:0.01,1.03,3,2880,990130.67
INFO:root:0.02,1.01,4,2880,989960.79
INFO:root:0.01,1.02,6,2280,989739.35
INFO:root:0.01,1.03,6,2280,989739.35
INFO:root:0.01,1.04,6,2280,989739.35
INFO:root:0.01,1.03,3,2040,989469.23
INFO:root:0.01,1.03,7,2280,989401.54
INFO:root:0.01,1.04,7,2280,989401.54
INFO:root:0.05,1.01,6,2160,989013.61
INFO:root:0.02,1.03,6,2280,988946.96
INFO:root:0.02,1.04,6,2280,988946.96
INFO:root:0.01,1.02,5,2160,988635.34
INFO:root:0.03,1.04,5,2880,988515.88
INFO:root:0.02,1.01,5,2520,988296.43
INFO:root:0.02,1.02,6,2280,987915.21
INFO:root:0.01,1.01,6,2280,987839.4
INFO:root:0.01,1.02,4,2760,987475.98
INFO:root:0.04,1.01,6,2640,987372.65
INFO:root:0.05,1.01,6,2760,987230.9
INFO:root:0.05,1.01,6,2880,987124.02
INFO:root:0.01,1.04,4,2520,987033.22
INFO:root:0.01,1.02,4,2400,986751.24
INFO:root:0.02,1.03,5,2400,986614.81
INFO:root:0.03,1.01,5,2520,986606.3
INFO:root:0.01,1.02,6,2040,986450.72
INFO:root:0.01,1.03,6,2040,986450.72
INFO:root:0.01,1.04,6,2040,986450.72
INFO:root:0.02,1.02,7,2280,986353.3
INFO:root:0.01,1.03,4,2400,986146.18
INFO:root:0.01,1.02,7,2760,985656.2
INFO:root:0.01,1.03,7,2760,985656.2
INFO:root:0.01,1.04,7,2760,985656.2
INFO:root:0.04,1.02,7,2760,985531.08
INFO:root:0.01,1.02,3,2520,985494.8
INFO:root:0.01,1.02,7,2640,985452.91
INFO:root:0.01,1.03,7,2640,985452.91
INFO:root:0.01,1.04,7,2640,985452.91
INFO:root:0.04,1.02,7,2880,985445.29
INFO:root:0.04,1.02,7,2640,985388.89
INFO:root:0.01,1.01,6,2040,985349.17
INFO:root:0.03,1.01,7,2400,985348.71
INFO:root:0.03,1.01,7,2520,985207.04
INFO:root:0.01,1.01,4,2400,985138.34
INFO:root:0.04,1.02,7,1920,985060.62
INFO:root:0.01,1.01,6,2520,985050.33
INFO:root:0.02,1.01,7,2280,984960.13
INFO:root:0.01,1.04,3,2280,984894.47
INFO:root:0.02,1.03,7,2280,984781.43
INFO:root:0.02,1.04,7,2280,984781.43
INFO:root:0.01,1.02,7,2280,984775.06
INFO:root:0.01,1.02,7,2880,984460.59
INFO:root:0.01,1.03,7,2880,984460.59
INFO:root:0.01,1.04,7,2880,984460.59
INFO:root:0.01,1.02,3,2640,984431
INFO:root:0.01,1.03,4,2760,984197.77
INFO:root:0.03,1.02,5,2880,984145.07
INFO:root:0.01,1.01,7,2760,983827.89
INFO:root:0.02,1.01,5,2280,983586.46
INFO:root:0.01,1.01,3,2040,983541.22
INFO:root:0.01,1.01,7,2640,983307.1
INFO:root:0.04,1.01,6,2400,982758.54
INFO:root:0.04,1.01,6,2160,981966.08
INFO:root:0.01,1.01,7,2880,981582.83
INFO:root:0.01,1.04,4,2760,981401.63
INFO:root:0.04,1.02,7,2400,981226
INFO:root:0.01,1.02,3,2880,980871.58
INFO:root:0.05,1.01,6,2640,980861.08
INFO:root:0.02,1.04,5,2400,980674.69
INFO:root:0.01,1.04,4,2400,980607.55
INFO:root:0.03,1.03,7,2760,978931.77
INFO:root:0.03,1.03,7,2880,978862.3
INFO:root:0.02,1.01,7,2640,978800.31
INFO:root:0.02,1.01,7,2760,978694.86
INFO:root:0.02,1.02,5,2640,978648.51
INFO:root:0.03,1.03,7,2640,978360.41
INFO:root:0.02,1.01,7,2880,978356.67
INFO:root:0.01,1.01,4,2280,977676
INFO:root:0.01,1.01,7,2400,977246.33
INFO:root:0.01,1.01,5,2640,976411.84
INFO:root:0.05,1.02,7,2640,976063.82
INFO:root:0.05,1.02,7,2760,975958.87
INFO:root:0.05,1.02,7,2880,975697.06
INFO:root:0.01,1.02,4,2880,975580.45
INFO:root:0.01,1.03,3,2280,975177.23
INFO:root:0.01,1.01,7,2520,974659.74
INFO:root:0.04,1.01,6,2520,974350.44
INFO:root:0.03,1.04,7,2640,974031.1
INFO:root:0.01,1.01,5,2880,973743.17
INFO:root:0.03,1.01,6,2760,972987.81
INFO:root:0.03,1.01,6,2880,972879.85
INFO:root:0.01,1.01,4,2880,972786.18
INFO:root:0.01,1.01,5,2280,972425.89
INFO:root:0.04,1.02,7,2520,972396.63
INFO:root:0.03,1.02,7,1920,972216.36
INFO:root:0.01,1.02,5,2880,972004.46
INFO:root:0.01,1.03,5,2880,972004.46
INFO:root:0.01,1.04,5,2880,972004.46
INFO:root:0.04,1.01,6,2280,971386.64
INFO:root:0.01,1.03,4,2880,971155.01
INFO:root:0.03,1.02,7,2760,971083.35
INFO:root:0.02,1.01,6,2760,971078.57
INFO:root:0.03,1.02,7,2880,970999.73
INFO:root:0.03,1.02,7,2640,970919.26
INFO:root:0.02,1.03,5,2640,970893.25
INFO:root:0.05,1.02,7,1920,970737.38
INFO:root:0.01,1.01,5,2400,970553.17
INFO:root:0.01,1.03,7,2400,970116.59
INFO:root:0.01,1.04,7,2400,970116.59
INFO:root:0.05,1.01,6,2400,970039.76
INFO:root:0.02,1.01,5,2880,969699.61
INFO:root:0.03,1.04,7,2400,969498.12
INFO:root:0.01,1.04,4,2880,969497.94
INFO:root:0.01,1.03,5,2640,969462.64
INFO:root:0.01,1.04,5,2640,969462.64
INFO:root:0.03,1.01,6,2160,969207.72
INFO:root:0.02,1.01,6,2880,969087.35
INFO:root:0.02,1.02,7,2400,968577.57
INFO:root:0.02,1.04,7,2760,968551.84
INFO:root:0.03,1.02,7,2400,968440.31
INFO:root:0.02,1.04,7,2640,968274.77
INFO:root:0.01,1.03,7,2520,968176.12
INFO:root:0.01,1.04,7,2520,968176.12
INFO:root:0.02,1.01,6,2640,968150.31
INFO:root:0.05,1.01,6,2520,968036.71
INFO:root:0.01,1.01,4,2760,967997.68
INFO:root:0.02,1.01,6,2160,967668.82
INFO:root:0.02,1.02,7,2760,967573.71
INFO:root:0.03,1.03,7,2520,967492.84
INFO:root:0.02,1.03,7,2880,967381.22
INFO:root:0.02,1.04,7,2880,967381.22
INFO:root:0.02,1.02,7,2640,966780.02
INFO:root:0.01,1.02,7,2400,966759.81
INFO:root:0.03,1.01,6,2640,966748.43
INFO:root:0.03,1.04,7,2880,966692.95
INFO:root:0.03,1.04,7,2760,966488.1
INFO:root:0.02,1.02,7,2880,966394.27
INFO:root:0.02,1.01,7,2400,966144.42
INFO:root:0.05,1.02,7,2400,966080.86
INFO:root:0.02,1.01,7,2520,966019.63
INFO:root:0.01,1.02,4,2640,965837.4
INFO:root:0.02,1.02,5,2520,965301.41
INFO:root:0.02,1.04,5,2640,965161.42
INFO:root:0.03,1.01,6,2400,963890.4
INFO:root:0.01,1.02,5,2640,963882.17
INFO:root:0.01,1.02,7,2520,963730.22
INFO:root:0.02,1.01,6,2400,963678.18
INFO:root:0.05,1.02,7,2520,963413.94
INFO:root:0.02,1.03,7,2640,963393.93
INFO:root:0.01,1.03,4,2640,962910.41
INFO:root:0.02,1.03,7,2760,962898.37
INFO:root:0.03,1.04,7,2520,962626
INFO:root:0.01,1.01,5,2520,962504.73
INFO:root:0.01,1.03,5,2280,961891.45
INFO:root:0.01,1.04,5,2280,961891.45
INFO:root:0.01,1.02,5,2520,961779.77
INFO:root:0.01,1.03,5,2520,961779.77
INFO:root:0.01,1.04,5,2520,961779.77
INFO:root:0.02,1.04,7,2400,961475.75
INFO:root:0.01,1.01,3,2280,961062.4
INFO:root:0.02,1.02,7,2520,960838.1
INFO:root:0.02,1.01,5,2760,960476.81
INFO:root:0.02,1.03,7,2400,959907.08
INFO:root:0.01,1.03,5,2400,959666.07
INFO:root:0.01,1.04,5,2400,959666.07
INFO:root:0.01,1.04,4,2640,959572.97
INFO:root:0.01,1.02,3,2280,958811.02
INFO:root:0.05,1.01,6,2280,958798.15
INFO:root:0.03,1.02,7,2520,958141.33
INFO:root:0.02,1.01,6,2280,957140.06
INFO:root:0.03,1.03,7,2400,956794.33
INFO:root:0.02,1.01,6,2520,956527.32
INFO:root:0.02,1.04,7,2520,955494.53
INFO:root:0.01,1.02,5,2400,954509.27
INFO:root:0.01,1.01,3,1920,954433.05
INFO:root:0.01,1.02,5,2280,954336.26
INFO:root:0.03,1.01,6,2520,953990.97
INFO:root:0.02,1.03,7,2520,953397
INFO:root:0.03,1.01,6,2280,952703.95
INFO:root:0.01,1.01,5,2760,952346.82
INFO:root:0.01,1.03,3,1920,951318.76
INFO:root:0.02,1.03,5,2520,950429.22
INFO:root:0.02,1.02,5,2760,949309.31
INFO:root:0.02,1.04,5,2520,949080.2
INFO:root:0.01,1.02,3,1920,946987.29
INFO:root:0.02,1.02,5,2880,946469.65
INFO:root:0.01,1.04,3,1920,945310.92
INFO:root:0.01,1.02,5,2760,944901.3
INFO:root:0.01,1.03,5,2760,944901.3
INFO:root:0.01,1.04,5,2760,944901.3
INFO:root:0.02,1.03,5,2760,942906.82
INFO:root:0.02,1.03,5,2880,940670.6
INFO:root:0.01,1.01,4,2640,940471.62
INFO:root:0.02,1.04,5,2760,937286.58
INFO:root:0.02,1.04,5,2880,935060.41
