INFO:root:1140,1140,1,0.01,0.05,1.02,2249650.63,0.294661319,14.809142
INFO:root:1140,1140,2,0.01,0.05,1.02,2221783.01,0.294220305,15.26215266
INFO:root:1140,1140,1,0.01,0.04,1.02,2220917.7,0.310508967,13.42197267
INFO:root:960,960,2,0.01,0.05,1.02,2177867.78,0.283954797,16.95557913
INFO:root:960,960,1,0.01,0.05,1.02,2176647.1,0.278198657,16.16542721
INFO:root:960,960,1,0.01,0.04,1.02,2174623.82,0.297460116,14.70714169
INFO:root:1140,1140,2,0.01,0.04,1.02,2170626.35,0.307761103,14.40516487
INFO:root:1320,1320,1,0.01,0.05,1.02,2169520.45,0.276336008,15.40266415
INFO:root:960,960,2,0.01,0.04,1.02,2138677.26,0.293871454,14.83836968
INFO:root:1320,1320,1,0.01,0.04,1.02,2106580.56,0.283854113,14.38129411
INFO:root:60,60,1,0.01,0.05,1.01,2104213.07,0.282612574,13.18834444
INFO:root:780,780,2,0.01,0.05,1.02,2092012.74,0.266280694,17.47057026
INFO:root:780,780,2,0.01,0.04,1.02,2071758.4,0.27775649,15.0514666
INFO:root:1860,1860,1,0.01,0.05,1.01,2069469.79,0.312637517,12.70668258
INFO:root:2040,2040,2,0.01,0.05,1.02,2060585.22,0.267300924,17.87604483
INFO:root:780,780,1,0.01,0.05,1.02,2053366.64,0.25842021,18.96679097
INFO:root:60,60,1,0.01,0.04,1.01,2026206.55,0.287495105,12.33827618
INFO:root:780,780,1,0.01,0.04,1.02,2018333,0.267462494,15.91704296
INFO:root:600,600,1,0.01,0.05,1.01,2013892.97,0.311123155,14.10575714
INFO:root:960,960,1,0.01,0.03,1.02,1993586,0.289807051,17.45283138
INFO:root:1860,1860,1,0.01,0.05,1.02,1993258.14,0.272967848,15.62373054
INFO:root:780,780,2,0.01,0.03,1.02,1992513.62,0.291486016,18.45310062
INFO:root:2040,2040,2,0.01,0.05,1.03,1984330.22,0.243574416,18.8090297
INFO:root:240,240,1,0.01,0.05,1.01,1982690.95,0.284048215,13.93991306
INFO:root:2040,2040,1,0.01,0.05,1.02,1975875.66,0.252045204,16.68282978
INFO:root:2040,2040,2,0.01,0.05,1.01,1961376.24,0.295911861,12.74874863
INFO:root:1320,1320,2,0.01,0.03,1.02,1959636.29,0.294534805,12.42107871
INFO:root:1140,1140,1,0.01,0.03,1.02,1951880.12,0.287903298,15.53429751
INFO:root:600,600,1,0.01,0.03,1.02,1950364.83,0.277923353,14.66295985
INFO:root:1860,1860,1,0.01,0.05,1.03,1949886.39,0.237816258,17.80532185
INFO:root:2040,2040,2,0.01,0.04,1.02,1949013.93,0.257834106,16.31533529
INFO:root:600,600,1,0.01,0.04,1.01,1948184.83,0.313672908,12.40464627
INFO:root:780,780,1,0.01,0.03,1.02,1941302.94,0.278317991,17.30797493
INFO:root:960,960,2,0.01,0.03,1.02,1940791.97,0.282891419,17.89244436
INFO:root:1320,1320,2,0.01,0.05,1.03,1940225.7,0.233813742,19.21079167
INFO:root:1860,1860,1,0.01,0.04,1.01,1939254.63,0.297375197,11.88358819
INFO:root:1140,1140,2,0.01,0.03,1.02,1935817.4,0.288756462,16.36024936
INFO:root:1860,1860,1,0.01,0.03,1.01,1927005.71,0.316979245,11.29554782
INFO:root:2040,2040,2,0.01,0.04,1.03,1925906.55,0.241561168,14.31225566
INFO:root:2040,2040,2,0.01,0.03,1.01,1925234.98,0.317251637,11.24481227
INFO:root:2040,2040,2,0.01,0.04,1.01,1919422.89,0.294313256,11.74900451
INFO:root:1140,1140,2,0.01,0.05,1.03,1907534.95,0.231389484,18.38753766
INFO:root:60,60,2,0.01,0.05,1.01,1907118.09,0.286623442,13.29709775
INFO:root:2040,2040,2,0.01,0.04,1.04,1902078.6,0.23336304,15.80343488
INFO:root:600,600,1,0.01,0.04,1.02,1901873.78,0.25609543,16.61003273
INFO:root:60,60,2,0.01,0.05,1.02,1899001.23,0.223901072,19.42766776
INFO:root:1860,1860,1,0.01,0.04,1.04,1898996.77,0.233653592,14.96408125
INFO:root:600,600,2,0.01,0.03,1.02,1898932.9,0.269866197,14.86354491
INFO:root:2220,2220,1,0.01,0.05,1.03,1894426.4,0.22332477,18.99918965
INFO:root:1320,1320,2,0.01,0.05,1.02,1894356.53,0.250982024,15.85687006
INFO:root:960,960,1,0.01,0.05,1.01,1893961.69,0.287766444,14.29812363
INFO:root:1860,1860,1,0.01,0.04,1.02,1891730.87,0.262122327,15.26474191
INFO:root:600,600,1,0.01,0.04,1.04,1891386.55,0.224753346,20.32622501
INFO:root:2040,2040,1,0.01,0.04,1.02,1889561.39,0.244880874,15.73139421
INFO:root:2220,2220,1,0.01,0.05,1.02,1886462.25,0.230522064,16.61922388
INFO:root:2040,2040,1,0.01,0.05,1.01,1883407.01,0.279269965,12.72205673
INFO:root:1320,1320,1,0.01,0.03,1.02,1879448.68,0.269938943,14.61774095
INFO:root:2220,2220,1,0.01,0.04,1.03,1879370.14,0.226391961,16.19104809
INFO:root:2040,2040,1,0.01,0.05,1.03,1879316.83,0.220319198,18.4143105
INFO:root:1680,1680,2,0.01,0.05,1.03,1877968.62,0.226143852,19.2422639
INFO:root:960,960,1,0.01,0.04,1.04,1876881.74,0.229890456,17.6296896
INFO:root:1860,1860,1,0.01,0.03,1.02,1874834.34,0.270403725,12.72836154
INFO:root:600,600,1,0.01,0.05,1.02,1873833.68,0.240732191,19.65019406
INFO:root:1500,1500,2,0.01,0.05,1.03,1873356.75,0.225205073,20.34907853
INFO:root:600,600,1,0.01,0.03,1.01,1872470.55,0.312180156,11.0101996
INFO:root:600,600,2,0.01,0.04,1.02,1869986.84,0.251905973,17.55987271
INFO:root:2220,2220,1,0.01,0.04,1.02,1860855.78,0.231815512,15.55552504
INFO:root:1860,1860,2,0.01,0.05,1.03,1860204.82,0.223944058,18.47810936
INFO:root:2220,2220,2,0.01,0.05,1.03,1859795.23,0.219273291,19.42226707
INFO:root:1140,1140,1,0.01,0.05,1.03,1859064.13,0.222289696,18.0367229
INFO:root:1860,1860,1,0.01,0.04,1.03,1857988.86,0.229972919,15.75135627
INFO:root:1320,1320,2,0.01,0.04,1.03,1857780.51,0.23200081,14.94136593
INFO:root:1680,1680,1,0.01,0.05,1.03,1857032.62,0.219544157,20.58986327
INFO:root:1680,1680,1,0.01,0.05,1.02,1856402.15,0.242868506,17.16132077
INFO:root:2040,2040,2,0.01,0.05,1.04,1854222.83,0.218361694,21.88576195
INFO:root:1500,1500,1,0.01,0.05,1.03,1854200.94,0.219756887,19.84490213
INFO:root:2040,2040,1,0.01,0.05,1.04,1854033,0.214891441,21.22652842
INFO:root:1320,1320,1,0.01,0.05,1.03,1852755.55,0.215702257,18.69695368
INFO:root:240,240,2,0.01,0.05,1.01,1849378.7,0.262738047,16.75420431
INFO:root:2040,2040,1,0.01,0.04,1.03,1848987.26,0.221433254,16.0417604
INFO:root:1140,1140,1,0.01,0.05,1.01,1848114.71,0.279064886,14.84681458
INFO:root:1680,1680,1,0.01,0.05,1.01,1847827.23,0.27521328,13.85973314
INFO:root:2220,2220,2,0.01,0.05,1.01,1845351.73,0.268074074,12.69512217
INFO:root:2040,2040,1,0.01,0.04,1.01,1844654.99,0.27633659,11.88700918
INFO:root:2220,2220,1,0.01,0.05,1.01,1843326.58,0.261772104,12.7260132
INFO:root:2220,2220,1,0.01,0.05,1.04,1843319.66,0.211532283,21.62917136
INFO:root:1140,1140,1,0.01,0.05,1.04,1843287.75,0.219473818,21.39550973
INFO:root:600,600,2,0.01,0.05,1.02,1843034.5,0.234750727,20.28086873
INFO:root:2040,2040,1,0.01,0.04,1.04,1842499.81,0.216935608,15.23746035
INFO:root:60,60,1,0.01,0.05,1.02,1841706.67,0.212509666,18.10440095
INFO:root:2220,2220,1,0.01,0.04,1.04,1837622.6,0.214318877,18.60342998
INFO:root:600,600,2,0.01,0.05,1.01,1837544.94,0.285984683,14.02591426
INFO:root:1140,1140,2,0.01,0.04,1.03,1836608.95,0.232144924,17.37295285
INFO:root:240,240,1,0.01,0.04,1.01,1834097.85,0.267643635,14.16743341
INFO:root:1320,1320,2,0.01,0.04,1.02,1832992.43,0.251426996,15.4592671
INFO:root:1140,1140,2,0.01,0.05,1.01,1832354.56,0.275234065,14.87124077
INFO:root:1860,1860,2,0.01,0.04,1.04,1828811.29,0.222069057,15.29165973
INFO:root:60,60,2,0.01,0.03,1.01,1828617.53,0.287740033,12.92575196
INFO:root:960,960,2,0.01,0.05,1.03,1828401.15,0.216040412,20.05223246
INFO:root:960,960,1,0.01,0.05,1.03,1828392.91,0.214141506,19.57656439
INFO:root:60,60,2,0.01,0.04,1.01,1825033.22,0.285797968,11.5706166
INFO:root:1860,1860,2,0.01,0.05,1.02,1819590.98,0.237258397,17.93783239
INFO:root:420,420,1,0.01,0.05,1.01,1819320.62,0.262312034,15.15273392
INFO:root:2220,2220,1,0.01,0.03,1.01,1818554.99,0.272819383,11.22708622
INFO:root:2040,2040,1,0.01,0.03,1.01,1815771.15,0.287843949,11.28022492
INFO:root:2040,2040,2,0.01,0.03,1.02,1812042.79,0.25700163,14.67802559
INFO:root:2220,2220,2,0.01,0.04,1.03,1811711.26,0.217566357,15.43217842
INFO:root:2220,2220,1,0.01,0.04,1.01,1811547.88,0.256315581,12.12328279
INFO:root:960,960,1,0.01,0.04,1.01,1808744.33,0.275803497,16.99327299
INFO:root:780,780,2,0.01,0.05,1.03,1808397.15,0.21173497,21.18830961
INFO:root:1140,1140,2,0.01,0.05,1.04,1807603.46,0.213248631,22.35009813
INFO:root:1140,1140,2,0.01,0.04,1.04,1807225.85,0.222696281,16.44970328
INFO:root:960,960,1,0.01,0.03,1.01,1806961.44,0.291731963,15.97559495
INFO:root:1140,1140,1,0.01,0.04,1.04,1805326.72,0.218499459,18.58432598
INFO:root:1860,1860,1,0.01,0.05,1.04,1805050.83,0.209079861,20.68766088
INFO:root:2220,2220,2,0.01,0.03,1.01,1804678.82,0.277998758,11.27009162
INFO:root:1680,1680,1,0.01,0.04,1.01,1804336.92,0.270294064,12.29113842
INFO:root:2220,2220,2,0.01,0.05,1.02,1802940.88,0.219697796,16.93180858
INFO:root:1680,1680,2,0.01,0.04,1.04,1802660.43,0.217936188,16.50252759
INFO:root:60,60,1,0.01,0.04,1.02,1802058.83,0.215401965,16.47809393
INFO:root:1860,1860,2,0.01,0.05,1.04,1800009.32,0.21058596,21.33546983
INFO:root:2220,2220,2,0.01,0.04,1.01,1794247.52,0.257192757,11.74978371
INFO:root:420,420,1,0.01,0.04,1.02,1794047.42,0.218282655,17.32834297
INFO:root:60,60,2,0.01,0.04,1.02,1791192.19,0.216263641,18.17418545
INFO:root:1680,1680,1,0.01,0.04,1.02,1789967.59,0.238582448,14.40307961
INFO:root:1860,1860,2,0.01,0.05,1.01,1789913.47,0.270533745,12.75101964
INFO:root:960,960,1,0.01,0.04,1.03,1789181.59,0.216433917,17.31189746
INFO:root:1320,1320,1,0.01,0.05,1.01,1785186.51,0.262063829,13.95627555
INFO:root:60,60,1,0.01,0.03,1.01,1784988.08,0.270342051,12.88853484
INFO:root:960,960,2,0.01,0.04,1.04,1783226.84,0.214162013,18.40867081
INFO:root:1320,1320,1,0.01,0.04,1.03,1783024.82,0.214695282,16.24006437
INFO:root:1680,1680,2,0.01,0.05,1.04,1782997.1,0.206014506,22.57727035
INFO:root:2220,2220,2,0.01,0.04,1.04,1782860.72,0.207923584,16.39964016
INFO:root:960,960,2,0.01,0.04,1.03,1782747.98,0.217317166,17.60771726
INFO:root:960,960,1,0.01,0.05,1.04,1779457.52,0.204014245,23.49149401
INFO:root:420,420,2,0.01,0.05,1.01,1779362.53,0.255785957,17.29973113
INFO:root:1680,1680,2,0.01,0.05,1.01,1776789.14,0.264227149,13.3704769
INFO:root:1680,1680,1,0.01,0.03,1.02,1776281.06,0.24412613,12.59073454
INFO:root:1500,1500,1,0.01,0.05,1.02,1775951.84,0.22725289,16.76414765
INFO:root:1500,1500,2,0.01,0.04,1.03,1775723.24,0.218416911,16.12894696
INFO:root:420,420,1,0.01,0.05,1.02,1771368.93,0.205933318,20.90467534
INFO:root:1320,1320,2,0.01,0.04,1.04,1771317.98,0.210255487,16.93973773
INFO:root:1680,1680,2,0.01,0.05,1.02,1770329.38,0.225574926,17.36981933
INFO:root:1500,1500,1,0.01,0.03,1.02,1770241.09,0.248315101,13.62674172
INFO:root:600,600,1,0.01,0.05,1.03,1769546.73,0.19908382,23.8624939
INFO:root:2040,2040,2,0.01,0.03,1.04,1766537.61,0.247618906,13.35851092
INFO:root:1680,1680,1,0.01,0.03,1.01,1765845.12,0.267476538,11.31326962
INFO:root:1140,1140,1,0.01,0.04,1.03,1764245.61,0.214813274,17.42410113
INFO:root:1320,1320,2,0.01,0.05,1.04,1763903.12,0.199890011,23.24616904
INFO:root:1680,1680,1,0.01,0.04,1.04,1763431.78,0.207256138,18.57928845
INFO:root:1500,1500,1,0.01,0.04,1.03,1763024.29,0.212631519,15.36748115
INFO:root:2040,2040,1,0.01,0.03,1.02,1760249.68,0.241648807,13.41043952
INFO:root:420,420,2,0.01,0.05,1.02,1754715.81,0.200645431,21.75964749
INFO:root:780,780,1,0.01,0.05,1.03,1753936.72,0.199282342,23.84336208
INFO:root:420,420,2,0.01,0.04,1.02,1753881.07,0.210964662,17.42844226
INFO:root:780,780,2,0.01,0.04,1.03,1753309.43,0.21124629,17.651682
INFO:root:2220,2220,2,0.01,0.05,1.04,1750532.01,0.196142135,22.47653049
INFO:root:240,240,2,0.01,0.04,1.01,1748864.19,0.251032492,15.30847476
INFO:root:1860,1860,2,0.01,0.04,1.03,1748770.39,0.210551588,16.01926368
INFO:root:1680,1680,2,0.01,0.04,1.03,1748393.1,0.211646082,15.68378536
INFO:root:420,420,1,0.01,0.03,1.02,1744591.04,0.232545239,18.23894439
INFO:root:1500,1500,1,0.01,0.04,1.04,1744554.93,0.206186838,17.54125615
INFO:root:600,600,1,0.01,0.04,1.03,1741172.92,0.202561057,19.75094892
INFO:root:600,600,1,0.01,0.05,1.04,1740989.96,0.189674539,27.40258083
INFO:root:1680,1680,1,0.01,0.04,1.03,1738644.37,0.20617959,16.21233331
INFO:root:2220,2220,1,0.01,0.03,1.02,1736363.6,0.232072101,13.04477011
INFO:root:780,780,2,0.01,0.04,1.04,1736065.53,0.202535516,20.05320075
INFO:root:1320,1320,1,0.01,0.05,1.04,1731824.13,0.191921242,22.55911866
INFO:root:1320,1320,1,0.01,0.04,1.04,1724499.66,0.198187663,20.05533119
INFO:root:2220,2220,2,0.01,0.04,1.02,1722771.71,0.209101245,16.26279717
INFO:root:600,600,2,0.01,0.04,1.01,1722743.05,0.271268515,12.28979244
INFO:root:1320,1320,1,0.01,0.04,1.01,1721409.09,0.2548576,13.80259672
INFO:root:1500,1500,2,0.01,0.03,1.02,1720274.45,0.239985647,13.74425366
INFO:root:1860,1860,2,0.01,0.03,1.02,1720043.81,0.233306005,14.8563921
INFO:root:600,600,2,0.01,0.04,1.04,1717277.52,0.195047648,21.85281867
INFO:root:780,780,2,0.01,0.03,1.03,1716918.93,0.23149057,16.570139
INFO:root:1500,1500,2,0.01,0.05,1.04,1716455.09,0.193811772,24.51561095
INFO:root:1500,1500,1,0.01,0.04,1.02,1713217.57,0.222977315,14.28202584
INFO:root:1500,1500,2,0.01,0.04,1.04,1712913.44,0.201839764,18.34743564
INFO:root:2220,2220,1,0.01,0.03,1.04,1711157.98,0.225163108,14.76989203
INFO:root:420,420,1,0.01,0.04,1.01,1709628.66,0.255282276,13.22065641
INFO:root:2040,2040,2,0.01,0.02,1.04,1709565.24,0.323528417,11.51767586
INFO:root:1860,1860,1,0.01,0.03,1.04,1707591.55,0.232944215,15.12237615
INFO:root:780,780,1,0.01,0.03,1.01,1706647.84,0.259835915,14.26456769
INFO:root:1680,1680,2,0.01,0.04,1.01,1706313.39,0.254039174,11.76477486
INFO:root:60,60,1,0.01,0.05,1.04,1704689.45,0.17901862,27.88850733
INFO:root:780,780,1,0.01,0.04,1.04,1704230.33,0.194120439,24.02471045
INFO:root:1860,1860,2,0.01,0.04,1.01,1703221.72,0.254234936,11.87585626
INFO:root:1680,1680,2,0.01,0.03,1.02,1702954.45,0.230722366,13.44112543
INFO:root:420,420,2,0.01,0.03,1.02,1701648.59,0.221698456,18.6636206
INFO:root:960,960,1,0.01,0.03,1.04,1701435.88,0.223211452,17.53708061
INFO:root:1320,1320,1,0.01,0.03,1.01,1700891.99,0.265260881,13.20454497
INFO:root:2040,2040,1,0.01,0.03,1.04,1700834.72,0.22536866,14.15053601
INFO:root:1320,1320,2,0.01,0.05,1.01,1699090.87,0.262269283,13.66353361
INFO:root:1860,1860,2,0.01,0.03,1.01,1698956.96,0.260289234,11.27304765
INFO:root:1320,1320,2,0.01,0.03,1.04,1698801.54,0.233420029,13.64843247
INFO:root:780,780,1,0.01,0.05,1.01,1698351.95,0.236876154,14.50977482
INFO:root:780,780,2,0.01,0.03,1.04,1697572.02,0.225840779,16.90286592
INFO:root:1140,1140,2,0.01,0.04,1.01,1695534.62,0.260017098,15.65827941
INFO:root:60,60,2,0.01,0.05,1.04,1695251.93,0.18098737,29.07432125
INFO:root:780,780,1,0.01,0.04,1.03,1694225.38,0.196618661,20.7664203
INFO:root:960,960,2,0.01,0.05,1.04,1693632.06,0.189736169,24.34928913
INFO:root:1680,1680,2,0.01,0.04,1.02,1692412.72,0.217818257,15.46991774
INFO:root:1860,1860,2,0.01,0.04,1.02,1690829.23,0.217045642,17.58335637
INFO:root:1500,1500,2,0.01,0.05,1.02,1688095.91,0.212519529,17.1140719
INFO:root:960,960,1,0.01,0.03,1.03,1687915.55,0.221552446,17.26470872
INFO:root:1500,1500,2,0.01,0.04,1.02,1687350.17,0.219076376,13.60909715
INFO:root:1680,1680,2,0.01,0.03,1.01,1687233.53,0.255840099,10.82951139
INFO:root:1500,1500,1,0.01,0.05,1.04,1687171.31,0.186532002,23.86806851
INFO:root:600,600,1,0.01,0.03,1.04,1686237.08,0.217050788,14.11265241
INFO:root:780,780,2,0.01,0.05,1.04,1685899.04,0.185067945,25.62699462
INFO:root:1140,1140,2,0.01,0.03,1.04,1685577.39,0.228606352,17.06018263
INFO:root:2040,2040,2,0.01,0.03,1.03,1684063.25,0.226205594,14.26075547
INFO:root:1680,1680,1,0.01,0.05,1.04,1682616.97,0.184788818,24.69911246
INFO:root:1140,1140,2,0.01,0.03,1.01,1682262.55,0.2692364,15.67864678
INFO:root:1140,1140,1,0.01,0.04,1.01,1681737.7,0.255793161,15.5631003
INFO:root:1140,1140,1,0.01,0.03,1.01,1678913.1,0.270559508,14.83327144
INFO:root:60,60,2,0.01,0.05,1.03,1677852.43,0.179183844,22.9861966
INFO:root:60,60,1,0.01,0.03,1.02,1676825.91,0.208991828,16.81418521
INFO:root:2220,2220,1,0.01,0.03,1.03,1676712.38,0.216140749,14.80734886
INFO:root:600,600,2,0.01,0.05,1.03,1676547.49,0.184630143,24.77126292
INFO:root:2040,2040,2,0.01,0.02,1.03,1675811.27,0.310581831,11.51767586
INFO:root:1500,1500,1,0.01,0.05,1.01,1673436.24,0.253628327,13.86307774
INFO:root:600,600,1,0.01,0.03,1.03,1673375.71,0.21466419,14.34014999
INFO:root:420,420,2,0.01,0.04,1.01,1673016.85,0.246024861,15.32585974
INFO:root:60,60,2,0.01,0.03,1.02,1672791.87,0.212677435,17.32962604
INFO:root:780,780,2,0.01,0.05,1.01,1670449.51,0.242803582,13.36488763
INFO:root:2220,2220,2,0.01,0.03,1.04,1669496.59,0.218522715,14.8133257
INFO:root:960,960,2,0.01,0.05,1.01,1666650.1,0.234890483,16.08186408
INFO:root:240,240,1,0.01,0.05,1.04,1666559.43,0.174799187,28.11274989
INFO:root:240,240,1,0.01,0.03,1.01,1662647.32,0.26314047,13.8202727
INFO:root:600,600,2,0.01,0.04,1.03,1661493.81,0.18962697,20.88995693
INFO:root:1320,1320,2,0.01,0.03,1.03,1660859.75,0.225951578,13.81741141
INFO:root:1860,1860,1,0.01,0.03,1.03,1658763.07,0.220935622,16.15456041
INFO:root:1140,1140,2,0.01,0.03,1.03,1653779.9,0.221152646,17.62935258
INFO:root:780,780,1,0.01,0.05,1.04,1651902.02,0.177054196,28.56128866
INFO:root:1320,1320,2,0.01,0.04,1.01,1647684.07,0.254073788,13.81326932
INFO:root:2040,2040,1,0.01,0.02,1.04,1647562.78,0.286061187,12.08609906
INFO:root:2040,2040,1,0.01,0.03,1.03,1647296.76,0.211893474,15.21787763
INFO:root:2040,2040,2,0.01,0.02,1.02,1645990.12,0.29778484,11.68327022
INFO:root:2220,2220,2,0.01,0.03,1.02,1643196.77,0.209793187,15.89387854
INFO:root:2220,2220,2,0.01,0.03,1.03,1642671.76,0.211093611,14.51365546
INFO:root:1860,1860,2,0.01,0.03,1.04,1640035.43,0.218923285,14.15516459
INFO:root:1860,1860,1,0.01,0.02,1.04,1639465.14,0.281595144,11.63454211
INFO:root:960,960,2,0.01,0.03,1.01,1636696.74,0.247003746,16.9619612
INFO:root:960,960,2,0.01,0.03,1.04,1633118.02,0.209620585,18.22497459
INFO:root:600,600,2,0.01,0.03,1.01,1633113.01,0.253635185,11.09103393
INFO:root:780,780,1,0.01,0.03,1.03,1632804.99,0.205903807,16.32544201
INFO:root:960,960,2,0.01,0.03,1.03,1623484.84,0.208679304,18.33700909
INFO:root:1140,1140,1,0.01,0.03,1.04,1623023.8,0.210315956,16.73078327
INFO:root:1320,1320,2,0.01,0.03,1.01,1619703.6,0.251708997,13.97865347
INFO:root:240,240,2,0.01,0.03,1.01,1618775.34,0.242576934,14.37395331
INFO:root:1680,1680,2,0.01,0.03,1.04,1617402.9,0.21306788,14.08954869
INFO:root:960,960,2,0.01,0.04,1.01,1616134.89,0.226137659,17.73549661
INFO:root:780,780,1,0.01,0.03,1.04,1615815.48,0.201441613,16.64829448
INFO:root:2040,2040,1,0.01,0.02,1.03,1615205.61,0.273988774,12.08609906
INFO:root:780,780,2,0.01,0.03,1.01,1614786.81,0.241711817,13.65221731
INFO:root:60,60,2,0.01,0.04,1.03,1613928.91,0.173594695,20.36614079
INFO:root:600,600,2,0.01,0.05,1.04,1613579.24,0.168290214,28.57842053
INFO:root:1500,1500,1,0.01,0.03,1.04,1611385.02,0.211653829,13.98220178
INFO:root:1680,1680,1,0.01,0.03,1.04,1606509.23,0.206218728,14.33618024
INFO:root:2220,2220,1,0.01,0.02,1.04,1606370.69,0.27177563,11.32083645
INFO:root:420,420,2,0.01,0.04,1.04,1606171.67,0.172263759,20.23573704
INFO:root:1500,1500,2,0.01,0.05,1.01,1602260.38,0.232465457,15.19538622
INFO:root:780,780,1,0.01,0.04,1.01,1601815.26,0.215645131,16.44551074
INFO:root:240,240,1,0.01,0.04,1.02,1601569.9,0.174083556,20.5239909
INFO:root:1320,1320,1,0.01,0.03,1.04,1600310.87,0.204283903,15.67441493
INFO:root:1140,1140,1,0.01,0.03,1.03,1598088.23,0.204661555,16.98272915
INFO:root:1500,1500,1,0.01,0.04,1.01,1594249.17,0.237159878,12.91748867
INFO:root:240,240,1,0.01,0.05,1.02,1592002.79,0.1641026,21.79715646
INFO:root:1500,1500,2,0.01,0.03,1.04,1590269.39,0.207903116,14.64321542
INFO:root:420,420,1,0.01,0.05,1.04,1590238.74,0.163700079,27.23576013
INFO:root:600,600,1,0.01,0.02,1.04,1588489.84,0.258252205,11.52653069
INFO:root:240,240,2,0.01,0.04,1.02,1587590.29,0.173453079,19.66760369
INFO:root:1860,1860,1,0.01,0.02,1.03,1586259.04,0.26154787,11.63454211
INFO:root:1860,1860,1,0.01,0.02,1.02,1586172.61,0.26647747,11.87440102
INFO:root:1860,1860,2,0.01,0.02,1.04,1585387.59,0.266114841,12.3174204
INFO:root:2040,2040,1,0.01,0.02,1.02,1583094.22,0.266145169,11.82410601
INFO:root:420,420,2,0.01,0.05,1.04,1582383.91,0.162604298,27.01579166
INFO:root:420,420,1,0.01,0.04,1.04,1582284.69,0.166718251,20.45296757
INFO:root:420,420,1,0.01,0.05,1.03,1581265.21,0.164758252,22.71444025
INFO:root:2220,2220,2,0.01,0.02,1.04,1581046.26,0.263674912,11.93909749
INFO:root:600,600,2,0.01,0.03,1.03,1579649.62,0.195269084,14.98809626
INFO:root:420,420,2,0.01,0.05,1.03,1579046.86,0.16635007,22.33468798
INFO:root:780,780,2,0.01,0.04,1.01,1575446.89,0.21833242,15.2369181
INFO:root:60,60,2,0.01,0.04,1.04,1574949.48,0.166302727,23.95913253
INFO:root:1140,1140,1,0.01,0.02,1.04,1574160.24,0.25878858,12.96209253
INFO:root:600,600,1,0.01,0.02,1.03,1572546.01,0.252957409,11.52653069
INFO:root:2220,2220,1,0.01,0.02,1.03,1572356.18,0.25901513,11.32083645
INFO:root:420,420,2,0.01,0.04,1.03,1571461.58,0.170184999,21.22561712
INFO:root:1500,1500,1,0.01,0.03,1.03,1569333.31,0.201023319,14.29809287
INFO:root:600,600,2,0.01,0.03,1.04,1568820.82,0.192244865,15.46539997
INFO:root:1500,1500,1,0.01,0.03,1.01,1568808.76,0.235005448,12.27758892
INFO:root:780,780,2,0.01,0.02,1.04,1568706.95,0.255275691,12.40131658
INFO:root:1680,1680,1,0.01,0.03,1.03,1567148.29,0.197015612,15.83830598
INFO:root:1860,1860,2,0.01,0.03,1.03,1566037.18,0.199169151,14.76307184
INFO:root:2040,2040,2,0.01,0.02,1.01,1564417.97,0.2878633,9.944445914
INFO:root:1680,1680,2,0.01,0.03,1.03,1563935.73,0.199640382,14.58781507
INFO:root:1320,1320,1,0.01,0.03,1.03,1561484.93,0.194797857,16.49960758
INFO:root:1500,1500,2,0.01,0.03,1.03,1560899.91,0.201299326,14.86443795
INFO:root:960,960,1,0.01,0.02,1.04,1560563.55,0.24710953,12.52231239
INFO:root:780,780,2,0.01,0.02,1.03,1560360.87,0.252921301,12.40131658
INFO:root:240,240,1,0.01,0.04,1.04,1557320.94,0.161072034,23.0547839
INFO:root:1860,1860,2,0.01,0.02,1.02,1555543.21,0.254740969,12.3180549
INFO:root:60,60,2,0.01,0.03,1.04,1553902.73,0.17941561,19.87229181
INFO:root:240,240,2,0.01,0.05,1.04,1550211.91,0.157603533,27.29114181
INFO:root:2220,2220,1,0.01,0.02,1.02,1549612.62,0.250864142,11.11214103
INFO:root:1140,1140,2,0.01,0.02,1.04,1548010.39,0.254914507,11.26622018
INFO:root:2220,2220,2,0.01,0.02,1.03,1547720.54,0.250906574,11.93909749
INFO:root:60,60,1,0.01,0.04,1.04,1546737.52,0.157369,24.44113575
INFO:root:1860,1860,1,0.01,0.02,1.01,1545518.64,0.268643063,10.25676855
INFO:root:420,420,1,0.01,0.04,1.03,1545260.91,0.160916503,20.98665996
INFO:root:960,960,1,0.01,0.02,1.03,1544093.41,0.241517177,12.51499742
INFO:root:1140,1140,1,0.01,0.02,1.03,1540097.07,0.24528066,12.96209253
INFO:root:1500,1500,2,0.01,0.04,1.01,1539719.94,0.221395961,13.10169851
INFO:root:1140,1140,1,0.01,0.02,1.02,1539042.99,0.246083983,12.74144165
INFO:root:420,420,1,0.01,0.03,1.01,1537179.15,0.228813147,13.96927589
INFO:root:240,240,2,0.01,0.05,1.02,1536520.49,0.156582951,21.39364826
INFO:root:2220,2220,2,0.01,0.02,1.02,1531988.23,0.245141965,11.73947555
INFO:root:1680,1680,1,0.01,0.02,1.04,1531552.1,0.242917258,12.79581732
INFO:root:60,60,2,0.01,0.02,1.04,1530573.78,0.215638169,13.60262025
INFO:root:780,780,1,0.01,0.02,1.04,1528430.82,0.236535003,12.61300366
INFO:root:960,960,1,0.01,0.02,1.02,1525567.62,0.234661421,13.35045163
INFO:root:1320,1320,2,0.01,0.02,1.04,1525435.42,0.248743399,11.81014849
INFO:root:1860,1860,2,0.01,0.02,1.03,1525099.98,0.244419253,12.3174204
INFO:root:60,60,1,0.01,0.05,1.03,1520397.74,0.147340002,24.65251757
INFO:root:780,780,1,0.01,0.02,1.03,1519555.77,0.233847451,12.61300366
INFO:root:960,960,2,0.01,0.02,1.04,1516689.43,0.232539757,13.14948584
INFO:root:1140,1140,2,0.01,0.02,1.03,1516527.43,0.241707846,12.01971978
INFO:root:780,780,2,0.01,0.02,1.02,1513692.49,0.235099072,13.62632592
INFO:root:1500,1500,2,0.01,0.03,1.01,1512204.82,0.218930322,12.5836055
INFO:root:420,420,1,0.01,0.03,1.03,1508606.85,0.173266399,20.13897276
INFO:root:60,60,2,0.01,0.02,1.03,1506745.55,0.20708408,13.60500308
INFO:root:60,60,2,0.01,0.03,1.03,1504477.27,0.167380755,20.3188351
INFO:root:420,420,1,0.01,0.03,1.04,1501315.73,0.170825128,20.79591184
INFO:root:420,420,2,0.01,0.03,1.03,1498293.34,0.172943814,20.76213066
INFO:root:1680,1680,1,0.01,0.02,1.02,1496729.22,0.230066708,12.56396255
INFO:root:1140,1140,2,0.01,0.02,1.02,1491918.43,0.233656158,12.1128224
INFO:root:600,600,1,0.01,0.02,1.02,1491827.34,0.225744202,12.90577635
INFO:root:60,60,1,0.01,0.04,1.03,1491421.28,0.147956772,22.15388893
INFO:root:1320,1320,2,0.01,0.02,1.02,1489457.91,0.235722902,11.27844297
INFO:root:1320,1320,1,0.01,0.02,1.04,1487459.12,0.228882062,11.56777892
INFO:root:780,780,1,0.01,0.02,1.02,1485650.1,0.219615679,13.74631089
INFO:root:960,960,2,0.01,0.02,1.03,1485473.3,0.220361605,13.98468991
INFO:root:600,600,2,0.01,0.02,1.04,1484080.8,0.225627869,12.82390458
INFO:root:960,960,2,0.01,0.02,1.02,1480603.58,0.219038871,13.9601973
INFO:root:240,240,1,0.01,0.03,1.02,1478629.62,0.166908837,18.89773911
INFO:root:1680,1680,2,0.01,0.02,1.04,1478482.14,0.226986982,12.60100481
INFO:root:1500,1500,1,0.01,0.02,1.04,1478049.78,0.229008155,12.0402202
INFO:root:2040,2040,1,0.01,0.02,1.01,1476630.3,0.246237653,10.44482335
INFO:root:2220,2220,1,0.01,0.02,1.01,1476527.03,0.240216132,10.01000005
INFO:root:240,240,1,0.01,0.03,1.04,1474341.07,0.159852752,17.9234144
INFO:root:420,420,2,0.01,0.03,1.04,1473678.98,0.165783358,21.3422974
INFO:root:60,60,1,0.01,0.03,1.04,1473217.97,0.156151168,19.13839085
INFO:root:240,240,2,0.01,0.04,1.04,1472401.58,0.145600043,22.68600853
INFO:root:600,600,2,0.01,0.02,1.03,1469422.52,0.220200345,13.14222212
INFO:root:1680,1680,1,0.01,0.02,1.03,1465984.2,0.218124735,12.79581732
INFO:root:1320,1320,2,0.01,0.02,1.03,1459751.73,0.223146613,12.17942666
INFO:root:240,240,1,0.01,0.05,1.03,1458013,0.13890939,23.83360048
INFO:root:240,240,1,0.01,0.03,1.03,1457939.95,0.156850719,17.59727464
INFO:root:2220,2220,2,0.01,0.02,1.01,1457713.58,0.238852388,10.21043203
INFO:root:240,240,1,0.01,0.04,1.03,1457709.7,0.142977678,21.35184286
INFO:root:240,240,2,0.01,0.03,1.02,1453298.67,0.161792267,19.01850172
INFO:root:1500,1500,2,0.01,0.02,1.04,1451143.71,0.221476483,12.7903359
INFO:root:1320,1320,1,0.01,0.02,1.02,1449392.09,0.214731467,12.11862938
INFO:root:1320,1320,1,0.01,0.02,1.03,1447735.19,0.212830446,12.14435992
INFO:root:1500,1500,1,0.01,0.02,1.02,1447106.63,0.216201338,11.81954331
INFO:root:420,420,2,0.01,0.03,1.01,1446309.82,0.195750138,13.53350674
INFO:root:1680,1680,2,0.01,0.02,1.02,1442358.15,0.213150009,12.6781782
INFO:root:60,60,2,0.01,0.02,1.02,1426704.06,0.181817986,15.46609477
INFO:root:240,240,2,0.01,0.04,1.03,1426391.16,0.137344877,20.70392308
INFO:root:1500,1500,1,0.01,0.02,1.03,1422034.33,0.207231572,12.0402202
INFO:root:240,240,2,0.01,0.05,1.03,1421922.97,0.132995652,22.56082172
INFO:root:1500,1500,2,0.01,0.02,1.02,1416842.37,0.208146884,12.33211579
INFO:root:1680,1680,2,0.01,0.02,1.03,1415176.95,0.202026434,12.60100481
INFO:root:600,600,2,0.01,0.02,1.02,1414171.64,0.199022312,12.79550655
INFO:root:1860,1860,2,0.01,0.02,1.01,1398735.06,0.223468715,10.2921007
INFO:root:1500,1500,2,0.01,0.02,1.03,1396461.03,0.199406512,12.7903359
INFO:root:60,60,2,0.01,0.02,1.01,1392597.24,0.192870632,11.41849627
INFO:root:60,60,1,0.01,0.03,1.03,1391852.59,0.137486135,19.68708719
INFO:root:1680,1680,1,0.01,0.02,1.01,1387035.69,0.203704958,10.75553692
INFO:root:60,60,1,0.01,0.02,1.04,1381541.95,0.164810627,15.15924381
INFO:root:960,960,1,0.01,0.02,1.01,1368026.14,0.193673009,11.85503901
INFO:root:60,60,1,0.01,0.02,1.03,1360574.82,0.157662774,15.15924381
INFO:root:420,420,2,0.01,0.02,1.04,1354797.5,0.171785079,15.54240705
INFO:root:1320,1320,1,0.01,0.02,1.01,1353786.65,0.198440534,11.45218342
INFO:root:420,420,1,0.01,0.02,1.04,1352984.5,0.169144546,15.32712261
INFO:root:240,240,2,0.01,0.03,1.04,1344115.43,0.129270717,18.21211224
INFO:root:2040,2040,2,0.01,0.01,1.03,1343080.33,0.239183215,7.353816618
INFO:root:2040,2040,2,0.01,0.01,1.04,1343080.33,0.239183215,7.353816618
INFO:root:60,60,2,0.01,0.01,1.04,1334567.15,0.240301584,7.75957868
INFO:root:420,420,2,0.01,0.02,1.03,1333759.92,0.164223413,15.00188958
INFO:root:420,420,1,0.01,0.02,1.03,1333443.77,0.162601077,14.79182895
INFO:root:240,240,2,0.01,0.03,1.03,1333372.46,0.126832,17.88504889
INFO:root:1320,1320,2,0.01,0.02,1.01,1332762.25,0.198361136,9.967866397
INFO:root:2040,2040,2,0.01,0.01,1.02,1332019.87,0.230471172,7.35537052
INFO:root:1680,1680,2,0.01,0.02,1.01,1325768.15,0.183516267,10.28613405
INFO:root:60,60,2,0.01,0.01,1.03,1315982.24,0.22456293,8.97337531
INFO:root:1140,1140,2,0.01,0.02,1.01,1313055.11,0.187673811,11.26328449
INFO:root:1860,1860,1,0.01,0.01,1.04,1307769.5,0.207015922,7.66974198
INFO:root:1860,1860,1,0.01,0.01,1.03,1307769.5,0.207015922,7.66974198
INFO:root:1140,1140,1,0.01,0.02,1.01,1304542.58,0.181763522,10.79743729
INFO:root:60,60,2,0.01,0.01,1.02,1301047.25,0.214743286,8.414514599
INFO:root:420,420,2,0.01,0.02,1.02,1299747.79,0.149085093,16.59087367
INFO:root:600,600,1,0.01,0.02,1.01,1297411.41,0.171640093,12.55312812
INFO:root:240,240,1,0.01,0.02,1.04,1296880.34,0.138892524,15.74781379
INFO:root:780,780,2,0.01,0.02,1.01,1295336.06,0.17264811,9.856770258
INFO:root:1860,1860,1,0.01,0.01,1.02,1293772.53,0.196251533,7.905875209
INFO:root:960,960,2,0.01,0.02,1.01,1291882.85,0.164401583,12.34901054
INFO:root:60,60,1,0.01,0.02,1.01,1291695.59,0.144583376,13.1904198
INFO:root:420,420,1,0.01,0.02,1.02,1288735.17,0.142969836,16.36173134
INFO:root:2040,2040,2,0.01,0.01,1.01,1286956.91,0.204489202,7.617778074
INFO:root:2040,2040,1,0.01,0.01,1.03,1286792.93,0.201722317,8.242123233
INFO:root:2040,2040,1,0.01,0.01,1.04,1286792.93,0.201722317,8.242123233
INFO:root:60,60,1,0.01,0.02,1.02,1281962.32,0.129635664,14.83246692
INFO:root:1500,1500,1,0.01,0.02,1.01,1276187.1,0.171617177,10.85446617
INFO:root:60,60,2,0.01,0.01,1.01,1275727.02,0.200485311,8.273410828
INFO:root:2220,2220,2,0.01,0.01,1.04,1275543.47,0.194787455,8.406974961
INFO:root:2220,2220,2,0.01,0.01,1.03,1275543.47,0.194787455,8.406974961
INFO:root:1860,1860,2,0.01,0.01,1.03,1271353.95,0.185851689,8.113350387
INFO:root:1860,1860,2,0.01,0.01,1.04,1271353.95,0.185851689,8.113350387
INFO:root:2040,2040,1,0.01,0.01,1.02,1268478.36,0.189181097,8.233877798
INFO:root:2220,2220,2,0.01,0.01,1.02,1265282.53,0.186728603,8.642763229
INFO:root:1140,1140,1,0.01,0.01,1.03,1264109.28,0.187995307,7.391809933
INFO:root:1140,1140,1,0.01,0.01,1.04,1264109.28,0.187995307,7.391809933
INFO:root:1860,1860,2,0.01,0.01,1.02,1261946.88,0.178593428,8.063293197
INFO:root:2220,2220,1,0.01,0.01,1.04,1259588.51,0.186739262,8.391840165
INFO:root:2220,2220,1,0.01,0.01,1.03,1259588.51,0.186739262,8.391840165
INFO:root:960,960,1,0.01,0.01,1.03,1256172.89,0.181350298,8.727456338
INFO:root:960,960,1,0.01,0.01,1.04,1256172.89,0.181350298,8.727456338
INFO:root:240,240,2,0.01,0.02,1.04,1255994.63,0.124917251,15.79644862
INFO:root:240,240,1,0.01,0.02,1.03,1255951.74,0.123701491,15.74781379
INFO:root:1860,1860,1,0.01,0.01,1.01,1255854.01,0.177357308,8.323287244
INFO:root:1140,1140,1,0.01,0.01,1.02,1254123.78,0.179913824,7.406598013
INFO:root:780,780,2,0.01,0.01,1.04,1252374.31,0.187332037,7.981875172
INFO:root:780,780,2,0.01,0.01,1.03,1252374.31,0.187332037,7.981875172
INFO:root:2220,2220,1,0.01,0.01,1.02,1249718.33,0.178816797,8.404453413
INFO:root:1320,1320,2,0.01,0.01,1.03,1247600.2,0.184841364,7.533515109
INFO:root:1320,1320,2,0.01,0.01,1.04,1247600.2,0.184841364,7.533515109
INFO:root:1140,1140,2,0.01,0.01,1.03,1245749.27,0.177691817,8.001939642
INFO:root:1140,1140,2,0.01,0.01,1.04,1245749.27,0.177691817,8.001939642
INFO:root:1680,1680,1,0.01,0.01,1.03,1243455.09,0.163183383,8.482770487
INFO:root:1680,1680,1,0.01,0.01,1.04,1243455.09,0.163183383,8.482770487
INFO:root:1500,1500,2,0.01,0.02,1.01,1243438.97,0.154470933,10.4718651
INFO:root:2040,2040,1,0.01,0.01,1.01,1241645.06,0.171928099,8.489029928
INFO:root:960,960,1,0.01,0.01,1.02,1239274.02,0.169168665,9.255641396
INFO:root:780,780,1,0.01,0.01,1.04,1239034.32,0.169935933,8.095628623
INFO:root:780,780,1,0.01,0.01,1.03,1239034.32,0.169935933,8.095628623
INFO:root:600,600,1,0.01,0.01,1.03,1236603.02,0.174696034,7.59945918
INFO:root:600,600,1,0.01,0.01,1.04,1236603.02,0.174696034,7.59945918
INFO:root:780,780,2,0.01,0.01,1.02,1236478.86,0.17476279,8.079731479
INFO:root:960,960,1,0.01,0.01,1.01,1234158.96,0.167041666,9.004862405
INFO:root:1320,1320,2,0.01,0.01,1.02,1233057.18,0.172938886,7.972172089
INFO:root:780,780,1,0.01,0.02,1.01,1230951.47,0.131027613,12.02923584
INFO:root:1140,1140,2,0.01,0.01,1.02,1230937.17,0.166440825,8.487276665
INFO:root:960,960,2,0.01,0.01,1.03,1227238.96,0.159563304,9.061595325
INFO:root:960,960,2,0.01,0.01,1.04,1227238.96,0.159563304,9.061595325
INFO:root:600,600,1,0.01,0.01,1.02,1225409.99,0.166430847,7.605128314
INFO:root:1680,1680,1,0.01,0.01,1.02,1225359.77,0.151435104,8.712287138
INFO:root:780,780,1,0.01,0.01,1.02,1223064.07,0.158274474,8.464752321
INFO:root:240,240,1,0.01,0.02,1.02,1220772.14,0.109089461,15.66404672
INFO:root:240,240,2,0.01,0.02,1.03,1219822.55,0.110778066,15.79644862
INFO:root:780,780,2,0.01,0.01,1.01,1217892.57,0.16513792,7.777342397
INFO:root:1860,1860,2,0.01,0.01,1.01,1217342.88,0.153188753,8.380401111
INFO:root:2220,2220,1,0.01,0.01,1.01,1217337.43,0.159188782,8.432624507
INFO:root:1680,1680,2,0.01,0.01,1.03,1214593.78,0.14762214,8.007290737
INFO:root:1680,1680,2,0.01,0.01,1.04,1214593.78,0.14762214,8.007290737
INFO:root:960,960,2,0.01,0.01,1.02,1211405.32,0.148495391,9.547722332
INFO:root:1320,1320,2,0.01,0.01,1.01,1208891.73,0.159539947,7.378062765
INFO:root:2220,2220,2,0.01,0.01,1.01,1207831.21,0.154710071,9.004780366
INFO:root:600,600,1,0.01,0.01,1.01,1202502.36,0.15406284,7.481924533
INFO:root:240,240,1,0.01,0.02,1.01,1197028.79,0.110859613,12.40754909
INFO:root:1680,1680,1,0.01,0.01,1.01,1196534.73,0.135063522,9.062981129
INFO:root:1320,1320,1,0.01,0.01,1.03,1194123.1,0.14659933,8.221078562
INFO:root:1320,1320,1,0.01,0.01,1.04,1194123.1,0.14659933,8.221078562
INFO:root:1680,1680,2,0.01,0.01,1.02,1185496.5,0.128488365,8.023129784
INFO:root:600,600,2,0.01,0.02,1.01,1184659.12,0.121586856,12.29574583
INFO:root:240,240,2,0.01,0.02,1.02,1184294.39,0.095610708,16.65086002
INFO:root:240,240,2,0.01,0.02,1.01,1180120.86,0.104024783,13.06793499
INFO:root:1320,1320,1,0.01,0.01,1.02,1177854.38,0.13414916,8.218536563
INFO:root:960,960,2,0.01,0.01,1.01,1177790.5,0.128542264,9.350926749
INFO:root:780,780,1,0.01,0.01,1.01,1173966.91,0.127288697,8.335076754
INFO:root:1500,1500,2,0.01,0.01,1.03,1173581.18,0.13476552,7.931418469
INFO:root:1500,1500,2,0.01,0.01,1.04,1173581.18,0.13476552,7.931418469
INFO:root:1140,1140,1,0.01,0.01,1.01,1173465.71,0.131966652,7.515715049
INFO:root:1140,1140,2,0.01,0.01,1.01,1172946.53,0.132231,8.283665962
INFO:root:600,600,2,0.01,0.01,1.03,1168460.5,0.132484978,9.125225251
INFO:root:600,600,2,0.01,0.01,1.04,1168460.5,0.132484978,9.125225251
INFO:root:1500,1500,2,0.01,0.01,1.02,1164048.62,0.126630941,8.158007717
INFO:root:1680,1680,2,0.01,0.01,1.01,1162880.2,0.115846179,8.372581069
INFO:root:240,240,2,0.01,0.01,1.04,1161645.32,0.11332566,11.91229204
INFO:root:240,240,1,0.01,0.01,1.04,1158419.88,0.106721738,11.72874568
INFO:root:60,60,1,0.01,0.01,1.04,1154852.82,0.11250061,11.10885898
INFO:root:420,420,2,0.01,0.01,1.03,1153657.91,0.112568321,9.9231669
INFO:root:600,600,2,0.01,0.01,1.02,1153281.94,0.120650071,8.889824013
INFO:root:420,420,2,0.01,0.01,1.02,1152967.78,0.112565483,9.352889413
INFO:root:1500,1500,1,0.01,0.01,1.03,1149463.97,0.115141027,8.865721018
INFO:root:1500,1500,1,0.01,0.01,1.04,1149463.97,0.115141027,8.865721018
INFO:root:1320,1320,1,0.01,0.01,1.01,1148662.6,0.11511306,7.905629922
INFO:root:240,240,2,0.01,0.01,1.03,1146744.03,0.103092564,11.91229204
INFO:root:420,420,2,0.01,0.01,1.04,1145949.97,0.106722919,10.46847433
INFO:root:420,420,2,0.01,0.01,1.01,1145163.28,0.109405073,8.472366597
INFO:root:240,240,1,0.01,0.01,1.03,1142261.82,0.096463014,11.72874568
INFO:root:1500,1500,1,0.01,0.01,1.02,1138492.74,0.106535948,8.897613477
INFO:root:60,60,1,0.01,0.01,1.03,1138111.91,0.100023849,12.40296974
INFO:root:600,600,2,0.01,0.01,1.01,1136010,0.109560114,8.722518364
INFO:root:240,240,2,0.01,0.01,1.02,1131916.26,0.093549023,11.67585905
INFO:root:1500,1500,2,0.01,0.01,1.01,1131170.42,0.103978499,8.407811872
INFO:root:240,240,2,0.01,0.01,1.01,1129199.42,0.093712947,10.82744082
INFO:root:420,420,2,0.01,0.02,1.01,1126028.57,0.080543268,13.19035712
INFO:root:60,60,1,0.01,0.01,1.02,1124016.2,0.090641847,12.4359935
INFO:root:240,240,1,0.01,0.01,1.01,1122894.22,0.086610523,10.88948915
INFO:root:240,240,1,0.01,0.01,1.02,1122303.66,0.084065491,11.50057989
INFO:root:420,420,1,0.01,0.02,1.01,1118073.1,0.076558006,12.35577585
INFO:root:60,60,1,0.01,0.01,1.01,1107864.74,0.082263802,11.89272597
INFO:root:420,420,1,0.01,0.01,1.03,1105258.27,0.079196368,9.561200992
INFO:root:420,420,1,0.01,0.01,1.04,1099137.89,0.074645865,10.10595698
INFO:root:420,420,1,0.01,0.01,1.02,1097380.04,0.073690785,9.165492548
INFO:root:1500,1500,1,0.01,0.01,1.01,1094544.47,0.075462168,9.284674781
INFO:root:420,420,1,0.01,0.01,1.01,1073231.47,0.058007064,9.735218837
